DATA,MODEL,OPTIM,EXECUTION,EPOCH,TRAIN LOSS,TRAIN ACC1,VALID LOSS,VALID ACC1
stl10,resnet34,sigk_l0.1_e100_w0.0001_m0.9_nf_a30_b0.9,1,97,0.006398221138119698,99.88,1.4123354992866517,74.64999999999999
stl10,resnet34,sigk_l0.1_e100_w0.0001_m0.9_nf_a30_b0.9,2,95,0.004703354208171368,99.98,1.4514488348960877,73.3625
stl10,resnet34,sigk_l0.1_e100_w0.0001_m0.9_nf_a30_b0.9,3,95,0.007704898864403367,99.86,1.5024443187713623,73.3875
stl10,resnet34,sigk_l0.1_e100_w0.0001_m0.9_nf_a30_b0.9,4,97,0.0058042933829128745,99.88,1.515776176929474,73.5875
stl10,resnet34,sigk_l0.1_e100_w0.0001_m0.9_nf_a30_b0.9,5,92,0.006416790498793125,99.9,1.5513639183044434,72.925
