DATA,MODEL,OPTIM,EXECUTION,EPOCH,TRAIN LOSS,TRAIN ACC1,VALID LOSS,VALID ACC1
agnews,textrnn,taso_l0.1_e20_w0.0001_m0.9_nf_a30_b0.8,1,20,0.16794491237371578,94.14666666666666,0.23207675462399557,92.44736842105263
