DATA,MODEL,OPTIM,EXECUTION,EPOCH,TRAIN LOSS,TRAIN ACC1,VALID LOSS,VALID ACC1
stl10,resnet34,sigk_l0.1_e100_w0.0001_m0.9_nt_a50_b0.7,1,79,0.006078898644447326,99.92,1.4785953822135924,73.7125
stl10,resnet34,sigk_l0.1_e100_w0.0001_m0.9_nt_a50_b0.7,2,92,0.008256167756021024,99.83999999999999,1.5930474562644958,71.825
stl10,resnet34,sigk_l0.1_e100_w0.0001_m0.9_nt_a50_b0.7,3,89,0.006631900037825107,99.92,1.416625701904297,73.81249999999999
stl10,resnet34,sigk_l0.1_e100_w0.0001_m0.9_nt_a50_b0.7,4,85,0.007855571463704109,99.88,1.4326097679138183,73.075
stl10,resnet34,sigk_l0.1_e100_w0.0001_m0.9_nt_a50_b0.7,5,86,0.007768556383252144,99.83999999999999,1.5287199130058289,72.6125
