DATA,MODEL,OPTIM,EXECUTION,EPOCH,TRAIN LOSS,TRAIN ACC1,VALID LOSS,VALID ACC1
stl10,resnet34,sigx_l0.1_e100_w0.0001_m0.9_nf_a65_b0.9,1,95,0.0052010634735226635,99.96000000000001,1.3579163455963135,73.9375
stl10,resnet34,sigx_l0.1_e100_w0.0001_m0.9_nf_a65_b0.9,2,97,0.006786437074095011,99.9,1.4563450503349304,73.22500000000001
stl10,resnet34,sigx_l0.1_e100_w0.0001_m0.9_nf_a65_b0.9,3,97,0.008046359365433454,99.88,1.4524676632881164,73.08749999999999
stl10,resnet34,sigx_l0.1_e100_w0.0001_m0.9_nf_a65_b0.9,4,98,0.006982975339889526,99.92,1.4081884593963623,73.4875
stl10,resnet34,sigx_l0.1_e100_w0.0001_m0.9_nf_a65_b0.9,5,95,0.007211259776353836,99.94,1.4925537056922913,72.6125
