DATA,MODEL,OPTIM,EXECUTION,EPOCH,TRAIN LOSS,TRAIN ACC1,VALID LOSS,VALID ACC1
agnews,rcnn,adagrad_l0.5_e20_w0.0001_d0_a0,1,20,0.39628447740608896,86.40333333333334,0.3970128356232611,86.31578947368422
