DATA,MODEL,OPTIM,EXECUTION,EPOCH,TRAIN LOSS,TRAIN ACC1,VALID LOSS,VALID ACC1
stl10,resnet34,sigx_l0.1_e100_w0.0001_m0.9_nt_a35_b0.7,1,92,0.00581202268153429,99.94,1.4920439109802246,73.88749999999999
stl10,resnet34,sigx_l0.1_e100_w0.0001_m0.9_nt_a35_b0.7,2,77,0.008336369623988867,99.8,1.5983486161231995,72.625
stl10,resnet34,sigx_l0.1_e100_w0.0001_m0.9_nt_a35_b0.7,3,89,0.004651685379445553,99.94,1.4262962660789489,74.1125
stl10,resnet34,sigx_l0.1_e100_w0.0001_m0.9_nt_a35_b0.7,4,93,0.006151640228182077,99.92,1.5259821491241454,73.375
stl10,resnet34,sigx_l0.1_e100_w0.0001_m0.9_nt_a35_b0.7,5,97,0.006252527691423893,99.9,1.5597690205574035,73.075
