DATA,MODEL,OPTIM,EXECUTION,EPOCH,TRAIN LOSS,TRAIN ACC1,VALID LOSS,VALID ACC1
yelprf,rcnn,rmsprop_l0.001_e20_w0_m0_cf_a0.99,1,3,0.8507180232436715,62.818769230769234,0.8379027528139062,63.01
yelprf,rcnn,rmsprop_l0.001_e20_w0_m0_cf_a0.99,2,16,0.8086731426902056,65.12307692307692,0.8674622831479378,63.57999999999999
yelprf,rcnn,rmsprop_l0.001_e20_w0_m0_cf_a0.99,3,5,0.8288142605667822,63.8083076923077,0.8372240038367219,63.354
yelprf,rcnn,rmsprop_l0.001_e20_w0_m0_cf_a0.99,4,6,0.8260815797940753,63.87153846153846,0.834673239426324,62.808
yelprf,rcnn,rmsprop_l0.001_e20_w0_m0_cf_a0.99,5,2,0.8795333329015965,61.27461538461538,0.8460003660943373,62.044
