DATA,MODEL,OPTIM,EXECUTION,EPOCH,TRAIN LOSS,TRAIN ACC1,VALID LOSS,VALID ACC1
stl10,resnet34,sigz_l0.1_e100_w0.0001_m0.9_nt_a55_b0.7,1,79,0.008618599151074886,99.86,1.4852826480865478,73.35000000000001
