DATA,MODEL,OPTIM,EXECUTION,EPOCH,TRAIN LOSS,TRAIN ACC1,VALID LOSS,VALID ACC1
agnews,textrnn,taso_l0.1_e20_w0.0001_m0.9_nf_a15_b0.8,1,20,0.1564702895553878,94.41666666666667,0.27362857003206986,90.51315789473684
