DATA,MODEL,OPTIM,EXECUTION,EPOCH,TRAIN LOSS,TRAIN ACC1,VALID LOSS,VALID ACC1
agnews,rcnn,adagrad_l0.1_e20_w0_d0_a0.1,1,18,0.18306260220599666,94.43583333333333,0.29380911931707027,91.01315789473684
