DATA,MODEL,OPTIM,EXECUTION,EPOCH,TRAIN LOSS,TRAIN ACC1,VALID LOSS,VALID ACC1
agnews,s2satt,taso_l0.05_e20_w0.0001_m0.9_nf_a25_b0.7_l2,1,18,0.13790687785736747,95.15083333333332,0.24386275587359582,92.32894736842105
