DATA,MODEL,OPTIM,EXECUTION,EPOCH,TRAIN LOSS,TRAIN ACC1,VALID LOSS,VALID ACC1
agnews,rcnn,adam_l0.001_e20_w0_at_bf0.9_bs0.99,1,17,0.1223854824903439,96.47833333333334,0.33410491184926644,91.35526315789474
