DATA,MODEL,OPTIM,EXECUTION,EPOCH,TRAIN LOSS,TRAIN ACC1,VALID LOSS,VALID ACC1
cifar10,resnet34,adam_l0.001_e100_w0_at_bf0.9_bs0.99,1,93,0.00507341477324022,99.82799999999999,0.4584765817269683,92.81
