DATA,MODEL,OPTIM,EXECUTION,EPOCH,TRAIN LOSS,TRAIN ACC1,VALID LOSS,VALID ACC1
agnews,textrnn,taso_l0.1_e20_w0.0001_m0.9_nf_a45_b0.8,1,19,0.17210540403050348,93.99833333333333,0.2276393225345647,92.39473684210526
