DATA,MODEL,OPTIM,EXECUTION,EPOCH,TRAIN LOSS,TRAIN ACC1,VALID LOSS,VALID ACC1
agnews,rcnn,rmsprop_l0.0001_e20_w0.0001_m0_ct_a0.99,1,14,0.22560909194539694,92.70166666666667,0.30919884275516285,88.89473684210526
