DATA,MODEL,OPTIM,EXECUTION,EPOCH,TRAIN LOSS,TRAIN ACC1,VALID LOSS,VALID ACC1
stl10,resnet34,sigx_l0.1_e100_w0.0001_m0.9_nf_a15_b0.8,1,94,0.0035141523913946003,99.96000000000001,1.5602247943878174,72.725
stl10,resnet34,sigx_l0.1_e100_w0.0001_m0.9_nf_a15_b0.8,2,95,0.00403304152134806,99.96000000000001,1.5759072942733765,72.0375
stl10,resnet34,sigx_l0.1_e100_w0.0001_m0.9_nf_a15_b0.8,3,95,0.003928909962996841,99.92,1.4660896883010863,74.2875
stl10,resnet34,sigx_l0.1_e100_w0.0001_m0.9_nf_a15_b0.8,4,100,0.003620410271733999,100.0,1.5231858477592468,73.2
stl10,resnet34,sigx_l0.1_e100_w0.0001_m0.9_nf_a15_b0.8,5,92,0.006008236519247294,99.88,1.5289400682449341,73.0375
