DATA,MODEL,OPTIM,EXECUTION,EPOCH,TRAIN LOSS,TRAIN ACC1,VALID LOSS,VALID ACC1
stl10,resnet34,sigk_l0.05_e100_w0.0001_m0.9_nt_a50_b0.7,1,97,0.01080002702847123,99.82,1.4920709953308104,73.2
stl10,resnet34,sigk_l0.05_e100_w0.0001_m0.9_nt_a50_b0.7,2,74,0.01582581278383732,99.6,1.4908490433692931,72.5875
stl10,resnet34,sigk_l0.05_e100_w0.0001_m0.9_nt_a50_b0.7,3,87,0.0076385309368371965,99.88,1.5424730639457702,72.55
stl10,resnet34,sigk_l0.05_e100_w0.0001_m0.9_nt_a50_b0.7,4,76,0.009154525305330754,99.86,1.495684286594391,72.9375
stl10,resnet34,sigk_l0.05_e100_w0.0001_m0.9_nt_a50_b0.7,5,96,0.007189663988351822,99.94,1.635636293888092,71.50000000000001
