DATA,MODEL,OPTIM,EXECUTION,EPOCH,TRAIN LOSS,TRAIN ACC1,VALID LOSS,VALID ACC1
agnews,textrnn,taso_l0.1_e20_w0_m0.9_nf_a25_b0.7_l4,1,18,0.1148670373785629,95.97583333333334,0.2835957505558231,92.22368421052632
