DATA,MODEL,OPTIM,EXECUTION,EPOCH,TRAIN LOSS,TRAIN ACC1,VALID LOSS,VALID ACC1
agnews,rcnn,adagrad_l0.05_e20_w0.0001_d0_a0.1,1,18,0.24890030093170384,92.02333333333334,0.2863864279629993,89.94736842105263
