DATA,MODEL,OPTIM,EXECUTION,EPOCH,TRAIN LOSS,TRAIN ACC1,VALID LOSS,VALID ACC1
agnews,rcnn,rmsprop_l0.0001_e20_w0_m0_cf_a0.99,1,17,0.19464669742825588,93.75083333333333,0.31400434847438474,89.27631578947368
