DATA,MODEL,OPTIM,EXECUTION,EPOCH,TRAIN LOSS,TRAIN ACC1,VALID LOSS,VALID ACC1
stl10,resnet34,sigx_l0.1_e100_w0.0001_m0.9_nf_a25_b0.7,1,98,0.005617357385158539,99.96000000000001,1.4405939617156982,74.1875
stl10,resnet34,sigx_l0.1_e100_w0.0001_m0.9_nf_a25_b0.7,2,97,0.005955238398164511,99.86,1.5008503127098083,73.25
stl10,resnet34,sigx_l0.1_e100_w0.0001_m0.9_nf_a25_b0.7,3,96,0.004605792410671711,99.96000000000001,1.5225647530555726,72.96249999999999
stl10,resnet34,sigx_l0.1_e100_w0.0001_m0.9_nf_a25_b0.7,4,78,0.009023163078725338,99.83999999999999,1.580687200307846,72.4375
stl10,resnet34,sigx_l0.1_e100_w0.0001_m0.9_nf_a25_b0.7,5,97,0.005576014187932014,99.92,1.5036651768684388,72.86250000000001
