DATA,MODEL,OPTIM,EXECUTION,EPOCH,TRAIN LOSS,TRAIN ACC1,VALID LOSS,VALID ACC1
stl10,resnet34,sigk_l0.1_e100_w0.0001_m0.9_nt_a30_b0.7,1,98,0.005097534746676683,99.9,1.5353218097686767,74.05
stl10,resnet34,sigk_l0.1_e100_w0.0001_m0.9_nt_a30_b0.7,2,94,0.0050391555562615395,99.9,1.5732415800094603,73.175
stl10,resnet34,sigk_l0.1_e100_w0.0001_m0.9_nt_a30_b0.7,3,95,0.005518898473680019,99.92,1.5012093029022218,73.55000000000001
stl10,resnet34,sigk_l0.1_e100_w0.0001_m0.9_nt_a30_b0.7,4,87,0.007730596169829369,99.9,1.5056949634552002,73.2875
stl10,resnet34,sigk_l0.1_e100_w0.0001_m0.9_nt_a30_b0.7,5,84,0.005359372867643833,99.94,1.542816258430481,72.75
