DATA,MODEL,OPTIM,EXECUTION,EPOCH,TRAIN LOSS,TRAIN ACC1,VALID LOSS,VALID ACC1
stl10,resnet34,sigk_l0.05_e100_w0.0001_m0.9_nt_a30_b0.9,1,95,0.004700203514099121,99.96000000000001,1.5787639927864074,73.125
stl10,resnet34,sigk_l0.05_e100_w0.0001_m0.9_nt_a30_b0.9,2,96,0.006340270257741213,99.94,1.55437064743042,73.22500000000001
stl10,resnet34,sigk_l0.05_e100_w0.0001_m0.9_nt_a30_b0.9,3,96,0.003543570302054286,99.96000000000001,1.568108582019806,72.89999999999999
stl10,resnet34,sigk_l0.05_e100_w0.0001_m0.9_nt_a30_b0.9,4,96,0.0034919817812740805,99.96000000000001,1.547992332458496,72.8375
stl10,resnet34,sigk_l0.05_e100_w0.0001_m0.9_nt_a30_b0.9,5,95,0.006267292123287916,99.86,1.6367028336524962,72.2625
