DATA,MODEL,OPTIM,EXECUTION,EPOCH,TRAIN LOSS,TRAIN ACC1,VALID LOSS,VALID ACC1
agnews,rcnn,taso_l0.1_e20_w0_m0.9_nf_a25_b0.7,1,20,0.5065820836514031,82.71083333333334,0.3621704686042525,87.8421052631579
