DATA,MODEL,OPTIM,EXECUTION,EPOCH,TRAIN LOSS,TRAIN ACC1,VALID LOSS,VALID ACC1
stl10,resnet34,sigx_l0.1_e100_w0.0001_m0.9_nt_a50_b0.9,1,95,0.0036076648853719234,99.96000000000001,1.470302155971527,74.0375
stl10,resnet34,sigx_l0.1_e100_w0.0001_m0.9_nt_a50_b0.9,2,95,0.00611786105632782,99.88,1.543687858581543,72.1625
stl10,resnet34,sigx_l0.1_e100_w0.0001_m0.9_nt_a50_b0.9,3,98,0.004167439284175635,99.98,1.4047136085033416,74.15
stl10,resnet34,sigx_l0.1_e100_w0.0001_m0.9_nt_a50_b0.9,4,95,0.006659397195279598,99.86,1.5188255367279053,73.06250000000001
stl10,resnet34,sigx_l0.1_e100_w0.0001_m0.9_nt_a50_b0.9,5,95,0.005680022171139717,99.92,1.4709764771461487,73.08749999999999
