DATA,MODEL,OPTIM,EXECUTION,EPOCH,TRAIN LOSS,TRAIN ACC1,VALID LOSS,VALID ACC1
stl10,resnet34,taso_l0.1_e100_w0.0001_m0.9_nt_a20_b0.7,1,95,0.0035088481057435274,100.0,1.5251247725486756,73.46249999999999
