DATA,MODEL,OPTIM,EXECUTION,EPOCH,TRAIN LOSS,TRAIN ACC1,VALID LOSS,VALID ACC1
stl10,resnet34,sigk_l0.05_e100_w0.0001_m0.9_nf_a20_b0.8,1,95,0.005536471599340439,99.92,1.569776734828949,72.675
stl10,resnet34,sigk_l0.05_e100_w0.0001_m0.9_nf_a20_b0.8,2,95,0.004598267264664173,99.94,1.585468011856079,72.64999999999999
stl10,resnet34,sigk_l0.05_e100_w0.0001_m0.9_nf_a20_b0.8,3,96,0.004259338328242302,99.98,1.5915761766433716,73.1375
stl10,resnet34,sigk_l0.05_e100_w0.0001_m0.9_nf_a20_b0.8,4,97,0.0042451122369617225,99.96000000000001,1.651929310798645,72.1
stl10,resnet34,sigk_l0.05_e100_w0.0001_m0.9_nf_a20_b0.8,5,95,0.004157969045266509,99.96000000000001,1.6130488305091857,72.15
