DATA,MODEL,OPTIM,EXECUTION,EPOCH,TRAIN LOSS,TRAIN ACC1,VALID LOSS,VALID ACC1
stl10,resnet34,sigx_l0.1_e100_w0.0001_m0.9_nf_a55_b0.9,1,95,0.0064603128999471664,99.9,1.3669964542388917,74.3875
stl10,resnet34,sigx_l0.1_e100_w0.0001_m0.9_nf_a55_b0.9,2,94,0.008578218456357718,99.82,1.4577069642543792,73.2
stl10,resnet34,sigx_l0.1_e100_w0.0001_m0.9_nf_a55_b0.9,3,98,0.005071137710660696,99.96000000000001,1.4526354155540466,73.175
stl10,resnet34,sigx_l0.1_e100_w0.0001_m0.9_nf_a55_b0.9,4,93,0.014707190223038196,99.6,1.4384203906059265,72.9375
stl10,resnet34,sigx_l0.1_e100_w0.0001_m0.9_nf_a55_b0.9,5,97,0.006509715552628041,99.92,1.5143253326416015,73.1375
