DATA,MODEL,OPTIM,EXECUTION,EPOCH,TRAIN LOSS,TRAIN ACC1,VALID LOSS,VALID ACC1
stl10,resnet34,sigx_l0.1_e100_w0.0001_m0.9_nf_a45_b0.9,1,95,0.007789162886142731,99.88,1.3571706557273864,74.91250000000001
stl10,resnet34,sigx_l0.1_e100_w0.0001_m0.9_nf_a45_b0.9,2,96,0.005493682150170207,99.9,1.5153135147094727,73.175
stl10,resnet34,sigx_l0.1_e100_w0.0001_m0.9_nf_a45_b0.9,3,98,0.006967250072956085,99.9,1.4766146874427795,73.22500000000001
stl10,resnet34,sigx_l0.1_e100_w0.0001_m0.9_nf_a45_b0.9,4,98,0.005233354943990708,99.94,1.4519444756507873,73.06250000000001
stl10,resnet34,sigx_l0.1_e100_w0.0001_m0.9_nf_a45_b0.9,5,95,0.006013146911561489,99.92,1.4417022476196288,73.7
