DATA,MODEL,OPTIM,EXECUTION,EPOCH,TRAIN LOSS,TRAIN ACC1,VALID LOSS,VALID ACC1
stl10,resnet34,sigk_l0.05_e100_w0.0001_m0.9_nt_a40_b0.8,1,95,0.00522251783683896,99.96000000000001,1.537597273349762,73.1125
stl10,resnet34,sigk_l0.05_e100_w0.0001_m0.9_nt_a40_b0.8,2,95,0.0072443279072642325,99.83999999999999,1.5375209765434266,73.5125
stl10,resnet34,sigk_l0.05_e100_w0.0001_m0.9_nt_a40_b0.8,3,97,0.007585810502618551,99.88,1.4928950171470643,72.9375
stl10,resnet34,sigk_l0.05_e100_w0.0001_m0.9_nt_a40_b0.8,4,95,0.004794874846935272,99.96000000000001,1.5797845916748048,72.5125
stl10,resnet34,sigk_l0.05_e100_w0.0001_m0.9_nt_a40_b0.8,5,97,0.00628508682847023,99.88,1.577733711719513,72.175
