DATA,MODEL,OPTIM,EXECUTION,EPOCH,TRAIN LOSS,TRAIN ACC1,VALID LOSS,VALID ACC1
agnews,textrnn,taso_l0.1_e20_w0.0001_m0.9_nf_a40_b0.7,1,19,0.17289544495551482,93.96416666666667,0.23351780307895048,92.21052631578948
