DATA,MODEL,OPTIM,EXECUTION,EPOCH,TRAIN LOSS,TRAIN ACC1,VALID LOSS,VALID ACC1
agnews,rcnn,sgd_l0.01_e10_w0.0001_m0.9_nf,1,10,0.3480084299281898,88.33166666666666,0.29349143803482286,90.01315789473684
