DATA,MODEL,OPTIM,EXECUTION,EPOCH,TRAIN LOSS,TRAIN ACC1,VALID LOSS,VALID ACC1
stl10,resnet34,sigx_l0.1_e100_w0.0001_m0.9_nt_a10_b0.7,1,95,0.0031980612225830556,99.92,1.6311580562591552,72.96249999999999
stl10,resnet34,sigx_l0.1_e100_w0.0001_m0.9_nt_a10_b0.7,2,92,0.003727328283339739,99.9,1.627553168296814,73.275
stl10,resnet34,sigx_l0.1_e100_w0.0001_m0.9_nt_a10_b0.7,3,94,0.002964466590061784,99.98,1.5452010169029236,73.98750000000001
stl10,resnet34,sigx_l0.1_e100_w0.0001_m0.9_nt_a10_b0.7,4,96,0.0034693467512726785,99.92,1.6507170963287354,73.175
stl10,resnet34,sigx_l0.1_e100_w0.0001_m0.9_nt_a10_b0.7,5,92,0.005469885597378016,99.9,1.552599772453308,73.725
