DATA,MODEL,OPTIM,EXECUTION,EPOCH,TRAIN LOSS,TRAIN ACC1,VALID LOSS,VALID ACC1
stl10,resnet34,sigx_l0.1_e100_w0.0001_m0.9_nt_a20_b0.8,1,97,0.005749938520044088,99.88,1.583606897354126,73.6125
stl10,resnet34,sigx_l0.1_e100_w0.0001_m0.9_nt_a20_b0.8,2,92,0.004649766297638416,99.96000000000001,1.532757451057434,73.4875
stl10,resnet34,sigx_l0.1_e100_w0.0001_m0.9_nt_a20_b0.8,3,98,0.003374682350456715,99.92,1.5857010927200317,73.4
stl10,resnet34,sigx_l0.1_e100_w0.0001_m0.9_nt_a20_b0.8,4,92,0.0035616239219903945,99.94,1.5613952088356018,73.3
stl10,resnet34,sigx_l0.1_e100_w0.0001_m0.9_nt_a20_b0.8,5,82,0.013677056127786637,99.68,1.6043875212669372,72.4625
