DATA,MODEL,OPTIM,EXECUTION,EPOCH,TRAIN LOSS,TRAIN ACC1,VALID LOSS,VALID ACC1
cifar100,resnet50,htd_l0.1_e100_w0.0001_m0.9_nt_l-6_u3,1,95,0.005714120714366436,99.954,1.0424432010650635,78.25
cifar100,resnet50,htd_l0.1_e100_w0.0001_m0.9_nt_l-6_u3,2,86,0.006753131854981184,99.926,1.067546728515625,77.60000000000001
cifar100,resnet50,htd_l0.1_e100_w0.0001_m0.9_nt_l-6_u3,3,86,0.006586079594194889,99.912,1.0599266346931457,77.8
cifar100,resnet50,htd_l0.1_e100_w0.0001_m0.9_nt_l-6_u3,4,89,0.00575433072194457,99.954,1.0814868627548218,77.67999999999999
cifar100,resnet50,htd_l0.1_e100_w0.0001_m0.9_nt_l-6_u3,5,94,0.005551364682763815,99.952,1.0643262426376343,77.58
