DATA,MODEL,OPTIM,EXECUTION,EPOCH,TRAIN LOSS,TRAIN ACC1,VALID LOSS,VALID ACC1
stl10,resnet34,taso_l0.1_e100_w0.0001_m0.9_nf_a45_b0.5,1,81,0.021217617583274843,99.58,1.3981556854248047,72.44999999999999
