DATA,MODEL,OPTIM,EXECUTION,EPOCH,TRAIN LOSS,TRAIN ACC1,VALID LOSS,VALID ACC1
stl10,resnet34,sigk_l0.1_e100_w0.0001_m0.9_nf_a30_b0.8,1,96,0.004247666719555855,99.94,1.4475558230876922,73.825
stl10,resnet34,sigk_l0.1_e100_w0.0001_m0.9_nf_a30_b0.8,2,96,0.005217790083587169,99.92,1.4905960741043092,73.475
stl10,resnet34,sigk_l0.1_e100_w0.0001_m0.9_nf_a30_b0.8,3,97,0.005193371998518706,99.94,1.492636950969696,73.15
stl10,resnet34,sigk_l0.1_e100_w0.0001_m0.9_nf_a30_b0.8,4,96,0.004385523736476898,99.96000000000001,1.4621999230384826,73.35000000000001
stl10,resnet34,sigk_l0.1_e100_w0.0001_m0.9_nf_a30_b0.8,5,95,0.005373234800994396,99.9,1.4995910062789917,73.6125
