DATA,MODEL,OPTIM,EXECUTION,EPOCH,TRAIN LOSS,TRAIN ACC1,VALID LOSS,VALID ACC1
agnews,textrnn,taso_l0.1_e20_w0.0001_m0.9_nf_a55_b0.7,1,17,0.18084093825151795,93.69083333333333,0.23191998184458326,92.34210526315789
