DATA,MODEL,OPTIM,EXECUTION,EPOCH,TRAIN LOSS,TRAIN ACC1,VALID LOSS,VALID ACC1
yahooa,s2satt,adagrad_l0.5_e20_w0_d0_a0.1,1,15,0.6925015441500674,74.16071428571429,0.7035866203566653,72.58166666666666
