DATA,MODEL,OPTIM,EXECUTION,EPOCH,TRAIN LOSS,TRAIN ACC1,VALID LOSS,VALID ACC1
yelprf,rcnn,cos_l0.05_e20_w0.0001_m0.9_nt,1,20,0.804478533999882,64.89738461538461,0.7835448525310793,64.90400000000001
yelprf,rcnn,cos_l0.05_e20_w0.0001_m0.9_nt,2,20,0.8005435459356652,65.108,0.7836171263252407,64.812
yelprf,rcnn,cos_l0.05_e20_w0.0001_m0.9_nt,3,20,0.7938443423837559,65.34569230769232,0.7795063159128454,65.048
yelprf,rcnn,cos_l0.05_e20_w0.0001_m0.9_nt,4,20,0.7996068469653597,65.12630769230769,0.784018683096892,64.706
yelprf,rcnn,cos_l0.05_e20_w0.0001_m0.9_nt,5,20,0.7926291457690141,65.34984615384616,0.776708723415031,65.24799999999999
