DATA,MODEL,OPTIM,EXECUTION,EPOCH,TRAIN LOSS,TRAIN ACC1,VALID LOSS,VALID ACC1
yelprf,rcnn,cos_l0.05_e20_w0.0001_m0.9_nt,1,20,0.804478533999882,64.89738461538461,0.7835448525310793,64.90400000000001
