DATA,MODEL,OPTIM,EXECUTION,EPOCH,TRAIN LOSS,TRAIN ACC1,VALID LOSS,VALID ACC1
yelprf,rcnn,adagrad_l0.01_e1_w0_d0_a0,1,1,0.9562306496892823,57.96769230769231,0.8962697770013146,59.806000000000004
