DATA,MODEL,OPTIM,EXECUTION,EPOCH,TRAIN LOSS,TRAIN ACC1,VALID LOSS,VALID ACC1
agnews,s2satt,rmsprop_l0.001_e20_w0_m0_cf_a0.99,1,14,0.08132278325228358,97.19166666666666,0.40568722352101944,89.76315789473685
agnews,s2satt,rmsprop_l0.001_e20_w0_m0_cf_a0.99,2,16,0.07164580195009662,97.59166666666667,0.3944962438218427,90.5657894736842
agnews,s2satt,rmsprop_l0.001_e20_w0_m0_cf_a0.99,3,18,0.062112870263047765,97.78666666666666,0.4744494657051366,89.57894736842104
agnews,s2satt,rmsprop_l0.001_e20_w0_m0_cf_a0.99,4,4,0.18597764646630383,93.66166666666666,0.2906628477269366,90.19736842105263
agnews,s2satt,rmsprop_l0.001_e20_w0_m0_cf_a0.99,5,15,0.07367057757084888,97.43583333333333,0.45571532891333466,90.14473684210526
