DATA,MODEL,OPTIM,EXECUTION,EPOCH,TRAIN LOSS,TRAIN ACC1,VALID LOSS,VALID ACC1
agnews,s2satt,taso_l0.1_e20_w0.0001_m0.9_nf_a25_b0.7,1,19,0.17645336153636923,93.77166666666666,0.2415875149643286,92.22368421052632
