DATA,MODEL,OPTIM,EXECUTION,EPOCH,TRAIN LOSS,TRAIN ACC1,VALID LOSS,VALID ACC1
agnews,rcnn,sgd_l0.005_e20_w0_m0.9_nt,1,18,0.3183363596934521,89.27666666666667,0.28802066902074935,90.14473684210526
