DATA,MODEL,OPTIM,EXECUTION,EPOCH,TRAIN LOSS,TRAIN ACC1,VALID LOSS,VALID ACC1
agnews,rcnn,htd_l0.1_e20_w0.0001_m0.9_nf_l-6_u3,1,20,0.446667608578538,84.94333333333334,0.33343719767697955,88.60526315789474
