DATA,MODEL,OPTIM,EXECUTION,EPOCH,TRAIN LOSS,TRAIN ACC1,VALID LOSS,VALID ACC1
cifar100,resnet50,rmsprop_l0.0005_e100_w0_m0_ct_a0.99,1,93,0.04627030583322048,98.56,2.292443046951294,70.61999999999999
