DATA,MODEL,OPTIM,EXECUTION,EPOCH,TRAIN LOSS,TRAIN ACC1,VALID LOSS,VALID ACC1
stl10,resnet34,sigx_l0.1_e100_w0.0001_m0.9_nt_a65_b0.7,1,97,0.013202205064892768,99.7,1.4038615217208863,73.4875
stl10,resnet34,sigx_l0.1_e100_w0.0001_m0.9_nt_a65_b0.7,2,74,0.010310206492245197,99.72,1.5622453684806823,72.375
stl10,resnet34,sigx_l0.1_e100_w0.0001_m0.9_nt_a65_b0.7,3,95,0.008982657855749131,99.88,1.3995591220855712,73.42500000000001
stl10,resnet34,sigx_l0.1_e100_w0.0001_m0.9_nt_a65_b0.7,4,86,0.010105574722588063,99.9,1.3848158230781555,73.0
stl10,resnet34,sigx_l0.1_e100_w0.0001_m0.9_nt_a65_b0.7,5,95,0.00853410423696041,99.88,1.482101339817047,72.5375
