DATA,MODEL,OPTIM,EXECUTION,EPOCH,TRAIN LOSS,TRAIN ACC1,VALID LOSS,VALID ACC1
cifar10,resnet34,sgd_l0.1_e100_w0_m0.9_nf,1,90,0.008257672129331622,99.70599999999999,0.40322249898463486,93.05
cifar10,resnet34,sgd_l0.1_e100_w0_m0.9_nf,2,98,0.009634869574334006,99.66000000000001,0.41796000946555284,92.97
cifar10,resnet34,sgd_l0.1_e100_w0_m0.9_nf,3,79,0.01067786317370308,99.67200000000001,0.40885424866080283,92.99
cifar10,resnet34,sgd_l0.1_e100_w0_m0.9_nf,4,99,0.008617927664294676,99.712,0.41545173127949236,93.0
cifar10,resnet34,sgd_l0.1_e100_w0_m0.9_nf,5,90,0.010502455696137622,99.646,0.4193989595472813,93.09
