DATA,MODEL,OPTIM,EXECUTION,EPOCH,TRAIN LOSS,TRAIN ACC1,VALID LOSS,VALID ACC1
cifar10,resnet34,rmsprop_l0.01_e100_w0.0001_m0_cf_a0.99,1,97,0.683548274345398,76.376,0.835649339389801,71.72
cifar10,resnet34,rmsprop_l0.01_e100_w0.0001_m0_cf_a0.99,2,93,0.6719934933280944,76.554,0.7301162631988526,74.76
