DATA,MODEL,OPTIM,EXECUTION,EPOCH,TRAIN LOSS,TRAIN ACC1,VALID LOSS,VALID ACC1
cifar10,resnet34,rmsprop_l0.01_e100_w0.0001_m0_cf_a0.99,1,97,0.683548274345398,76.376,0.835649339389801,71.72
cifar10,resnet34,rmsprop_l0.01_e100_w0.0001_m0_cf_a0.99,2,93,0.6719934933280944,76.554,0.7301162631988526,74.76
cifar10,resnet34,rmsprop_l0.01_e100_w0.0001_m0_cf_a0.99,3,99,0.6898255665588379,76.14,0.9198906576156616,70.85000000000001
cifar10,resnet34,rmsprop_l0.01_e100_w0.0001_m0_cf_a0.99,4,93,0.6945595202064514,75.936,1.012138455581665,67.89
