DATA,MODEL,OPTIM,EXECUTION,EPOCH,TRAIN LOSS,TRAIN ACC1,VALID LOSS,VALID ACC1
stl10,resnet34,sigx_l0.1_e100_w0.0001_m0.9_nt_a75_b0.9,1,100,0.005529946699738502,99.92,1.442845151901245,73.78750000000001
stl10,resnet34,sigx_l0.1_e100_w0.0001_m0.9_nt_a75_b0.9,2,96,0.0058047183096408845,99.94,1.558872299671173,72.275
stl10,resnet34,sigx_l0.1_e100_w0.0001_m0.9_nt_a75_b0.9,3,98,0.007901845125854016,99.83999999999999,1.329770015001297,74.7
stl10,resnet34,sigx_l0.1_e100_w0.0001_m0.9_nt_a75_b0.9,4,96,0.007372317939996719,99.88,1.4610963621139526,73.2875
stl10,resnet34,sigx_l0.1_e100_w0.0001_m0.9_nt_a75_b0.9,5,95,0.007681581927835942,99.88,1.441097671508789,73.05
