DATA,MODEL,OPTIM,EXECUTION,EPOCH,TRAIN LOSS,TRAIN ACC1,VALID LOSS,VALID ACC1
stl10,resnet34,sigx_l0.1_e100_w0.0001_m0.9_nt_a75_b0.7,1,96,0.010840211176872254,99.86,1.3783848624229431,73.0125
stl10,resnet34,sigx_l0.1_e100_w0.0001_m0.9_nt_a75_b0.7,2,74,0.017411443901062012,99.56,1.491170810699463,72.075
stl10,resnet34,sigx_l0.1_e100_w0.0001_m0.9_nt_a75_b0.7,3,95,0.011792064549028874,99.83999999999999,1.3716082491874695,73.675
stl10,resnet34,sigx_l0.1_e100_w0.0001_m0.9_nt_a75_b0.7,4,76,0.012026882499456406,99.78,1.424617952823639,72.6875
stl10,resnet34,sigx_l0.1_e100_w0.0001_m0.9_nt_a75_b0.7,5,95,0.012975894486904144,99.78,1.4313746452331544,72.66250000000001
