DATA,MODEL,OPTIM,EXECUTION,EPOCH,TRAIN LOSS,TRAIN ACC1,VALID LOSS,VALID ACC1
agnews,rcnn,taso_l1_e20_w0.0001_m0.9_nt_a25_b0.7,1,20,0.7942130216693005,67.37083333333334,1.0518492152219063,56.184210526315795
