DATA,MODEL,OPTIM,EXECUTION,EPOCH,TRAIN LOSS,TRAIN ACC1,VALID LOSS,VALID ACC1
cifar10,resnet50,sgd_l1_e100_w0.0001_m0.9_nf,1,94,1.2444528035736084,57.10200000000001,1.224928604698181,57.98
