DATA,MODEL,OPTIM,EXECUTION,EPOCH,TRAIN LOSS,TRAIN ACC1,VALID LOSS,VALID ACC1
agnews,textrnn,taso_l0.1_e20_w0_m0.9_nt_a25_b0.7_l4,1,18,0.14960650367111333,94.78416666666666,0.2670288956038738,92.13157894736842
