DATA,MODEL,OPTIM,EXECUTION,EPOCH,TRAIN LOSS,TRAIN ACC1,VALID LOSS,VALID ACC1
cifar10,densenetbc100,adagrad_l0.5_e100_w0_d0_a0.1,1,93,0.02143161972809583,99.248,0.4134613989531994,91.97
cifar10,densenetbc100,adagrad_l0.5_e100_w0_d0_a0.1,2,92,0.021663169492930175,99.29599999999999,0.4237611584186554,91.52
cifar10,densenetbc100,adagrad_l0.5_e100_w0_d0_a0.1,3,73,0.028417593096867203,99.026,0.39520232726335525,91.97
cifar10,densenetbc100,adagrad_l0.5_e100_w0_d0_a0.1,4,100,0.019181125421281905,99.36,0.42744657601118086,92.25
cifar10,densenetbc100,adagrad_l0.5_e100_w0_d0_a0.1,5,99,0.02508143165620044,99.112,0.44121633897870777,91.75999999999999
