DATA,MODEL,OPTIM,EXECUTION,EPOCH,TRAIN LOSS,TRAIN ACC1,VALID LOSS,VALID ACC1
stl10,resnet34,sigx_l0.1_e100_w0.0001_m0.9_nf_a15_b0.7,1,95,0.003165080317109823,99.98,1.5414938774108886,73.875
stl10,resnet34,sigx_l0.1_e100_w0.0001_m0.9_nf_a15_b0.7,2,95,0.004305704978853464,99.96000000000001,1.6126018748283386,72.625
stl10,resnet34,sigx_l0.1_e100_w0.0001_m0.9_nf_a15_b0.7,3,77,0.010154969175159931,99.82,1.5128163638114929,73.025
stl10,resnet34,sigx_l0.1_e100_w0.0001_m0.9_nf_a15_b0.7,4,86,0.0065462420225143435,99.86,1.5477783741950988,73.1375
stl10,resnet34,sigx_l0.1_e100_w0.0001_m0.9_nf_a15_b0.7,5,82,0.005432034261524677,99.92,1.605034180164337,72.64999999999999
