DATA,MODEL,OPTIM,EXECUTION,EPOCH,TRAIN LOSS,TRAIN ACC1,VALID LOSS,VALID ACC1
agnews,textrnn,taso_l0.05_e20_w0_m0.9_nt_a25_b0.7_l4,1,17,0.12339624453187545,95.72666666666667,0.2788298522189019,92.27631578947368
