DATA,MODEL,OPTIM,EXECUTION,EPOCH,TRAIN LOSS,TRAIN ACC1,VALID LOSS,VALID ACC1
stl10,resnet34,taso_l0.1_e100_w0.0001_m0.9_nf_a75_b0.7,1,96,0.010115644907951355,99.9,1.4097837581634522,73.35000000000001
