DATA,MODEL,OPTIM,EXECUTION,EPOCH,TRAIN LOSS,TRAIN ACC1,VALID LOSS,VALID ACC1
stl10,resnet34,sigx_l0.1_e100_w0.0001_m0.9_nt_a80_b0.9,1,95,0.006103825139254331,99.9,1.4418690886497498,73.925
stl10,resnet34,sigx_l0.1_e100_w0.0001_m0.9_nt_a80_b0.9,2,100,0.006977803610265255,99.92,1.5142533326148986,72.4875
stl10,resnet34,sigx_l0.1_e100_w0.0001_m0.9_nt_a80_b0.9,3,96,0.007470064581930638,99.86,1.3707390727996827,73.98750000000001
stl10,resnet34,sigx_l0.1_e100_w0.0001_m0.9_nt_a80_b0.9,4,95,0.007025760360062122,99.92,1.4269192128181458,72.575
stl10,resnet34,sigx_l0.1_e100_w0.0001_m0.9_nt_a80_b0.9,5,95,0.006849777477234602,99.82,1.4490004806518555,73.5125
