DATA,MODEL,OPTIM,EXECUTION,EPOCH,TRAIN LOSS,TRAIN ACC1,VALID LOSS,VALID ACC1
stl10,resnet34,sigx_l0.1_e100_w0.0001_m0.9_nf_a15_b0.9,1,94,0.0073658443622291086,99.78,1.5383864073753357,73.3875
stl10,resnet34,sigx_l0.1_e100_w0.0001_m0.9_nf_a15_b0.9,2,97,0.006297925847023726,99.83999999999999,1.6343609104156493,72.725
stl10,resnet34,sigx_l0.1_e100_w0.0001_m0.9_nf_a15_b0.9,3,96,0.004609999688714742,99.94,1.5018639698028564,73.8
stl10,resnet34,sigx_l0.1_e100_w0.0001_m0.9_nf_a15_b0.9,4,96,0.005711212104558945,99.86,1.5240197110176086,74.05
stl10,resnet34,sigx_l0.1_e100_w0.0001_m0.9_nf_a15_b0.9,5,99,0.004678022359125316,99.92,1.617671169757843,72.7
