DATA,MODEL,OPTIM,EXECUTION,EPOCH,TRAIN LOSS,TRAIN ACC1,VALID LOSS,VALID ACC1
agnews,rcnn,taso_l1_e20_w0_m0.9_nt_a25_b0.7,1,16,4.056479785438142,30.97833333333333,3.4565512320552747,43.631578947368425
