DATA,MODEL,OPTIM,EXECUTION,EPOCH,TRAIN LOSS,TRAIN ACC1,VALID LOSS,VALID ACC1
yahooa,s2satt,adam_l0.0005_e20_w0_at_bf0.9_bs0.99,1,17,0.7010496332935311,73.91335714285714,0.6987641586900901,73.12166666666667
