DATA,MODEL,OPTIM,EXECUTION,EPOCH,TRAIN LOSS,TRAIN ACC1,VALID LOSS,VALID ACC1
stl10,resnet34,sigz_l0.1_e100_w0.0001_m0.9_nt_a20_b0.6,1,96,0.004389632334560156,99.96000000000001,1.6185612740516662,72.91250000000001
