DATA,MODEL,OPTIM,EXECUTION,EPOCH,TRAIN LOSS,TRAIN ACC1,VALID LOSS,VALID ACC1
agnews,rcnn,htd_l0.01_e20_w0_m0.9_nf_l-6_u3,1,20,0.28702578322600464,90.76583333333333,0.2660433995083901,91.15789473684211
