DATA,MODEL,OPTIM,EXECUTION,EPOCH,TRAIN LOSS,TRAIN ACC1,VALID LOSS,VALID ACC1
stl10,resnet34,taso_l0.1_e100_w0.0001_m0.9_nt_a70_b0.8,1,87,0.009716154371201992,99.83999999999999,1.427750033378601,73.125
