DATA,MODEL,OPTIM,EXECUTION,EPOCH,TRAIN LOSS,TRAIN ACC1,VALID LOSS,VALID ACC1
yahooa,rcnn,rmsprop_l0.001_e20_w0_m0_cf_a0.99,1,3,0.8811628460414547,70.43021428571429,0.7768304851769993,70.72
yahooa,rcnn,rmsprop_l0.001_e20_w0_m0_cf_a0.99,2,3,0.8841447137027741,70.43507142857143,0.7783484696937185,71.25833333333334
yahooa,rcnn,rmsprop_l0.001_e20_w0_m0_cf_a0.99,3,2,0.8928532536460269,69.96335714285713,0.7889979840708029,71.165
yahooa,rcnn,rmsprop_l0.001_e20_w0_m0_cf_a0.99,4,2,0.8944712508747122,69.81299999999999,0.8066573704266413,70.77666666666667
