DATA,MODEL,OPTIM,EXECUTION,EPOCH,TRAIN LOSS,TRAIN ACC1,VALID LOSS,VALID ACC1
cifar10,resnet50,sgd_l0.001_e100_w0.0001_m0.9_nt,1,93,0.30686696180343626,89.23400000000001,0.5289563060760498,83.91
