DATA,MODEL,OPTIM,EXECUTION,EPOCH,TRAIN LOSS,TRAIN ACC1,VALID LOSS,VALID ACC1
agnews,rcnn,rmsprop_l0.0001_e20_w0_m0_ct_a0.99,1,20,0.17899555656103688,94.30166666666666,0.3107443391800994,89.71052631578948
