DATA,MODEL,OPTIM,EXECUTION,EPOCH,TRAIN LOSS,TRAIN ACC1,VALID LOSS,VALID ACC1
stl10,resnet34,taso_l0.1_e100_w0.0001_m0.9_nf_a35_b0.8,1,95,0.005941807357221842,99.83999999999999,1.447084255695343,73.32499999999999
