DATA,MODEL,OPTIM,EXECUTION,EPOCH,TRAIN LOSS,TRAIN ACC1,VALID LOSS,VALID ACC1
agnews,textrnn,taso_l0.1_e20_w0.0001_m0.9_nf_a75_b0.7,1,20,0.18444284851151105,93.58999999999999,0.23255107923218005,91.98684210526315
