DATA,MODEL,OPTIM,EXECUTION,EPOCH,TRAIN LOSS,TRAIN ACC1,VALID LOSS,VALID ACC1
agnews,rcnn,taso_l0.1_e20_w0.0001_m0.9_nt_a25_b0.7,1,20,0.4605051611297743,84.46416666666667,0.35532692041123703,88.26315789473685
