DATA,MODEL,OPTIM,EXECUTION,EPOCH,TRAIN LOSS,TRAIN ACC1,VALID LOSS,VALID ACC1
stl10,resnet34,sigx_l0.1_e100_w0.0001_m0.9_nt_a10_b0.9,1,95,0.0051979257741943,99.92,1.5891853051185607,73.2375
stl10,resnet34,sigx_l0.1_e100_w0.0001_m0.9_nt_a10_b0.9,2,100,0.00480276188198477,99.92,1.5913851952552795,73.2125
stl10,resnet34,sigx_l0.1_e100_w0.0001_m0.9_nt_a10_b0.9,3,100,0.0027703372307121754,99.96000000000001,1.58827707862854,73.41250000000001
stl10,resnet34,sigx_l0.1_e100_w0.0001_m0.9_nt_a10_b0.9,4,96,0.003221627113223076,100.0,1.565897898197174,73.6125
stl10,resnet34,sigx_l0.1_e100_w0.0001_m0.9_nt_a10_b0.9,5,91,0.016006790526211262,99.62,1.5585914716720581,72.5875
