DATA,MODEL,OPTIM,EXECUTION,EPOCH,TRAIN LOSS,TRAIN ACC1,VALID LOSS,VALID ACC1
cifar10,resnet50,rmsprop_l0.005_e100_w0.0001_m0_cf_a0.99,1,93,0.516343423500061,82.328,0.6327921473503113,79.21000000000001
