DATA,MODEL,OPTIM,EXECUTION,EPOCH,TRAIN LOSS,TRAIN ACC1,VALID LOSS,VALID ACC1
agnews,rcnn,sgd_l0.05_e20_w0_m0.9_nf,1,19,0.22485835307148286,93.15166666666667,0.36489818224647685,88.28947368421053
