DATA,MODEL,OPTIM,EXECUTION,EPOCH,TRAIN LOSS,TRAIN ACC1,VALID LOSS,VALID ACC1
stl10,resnet34,sigk_l0.05_e100_w0.0001_m0.9_nf_a40_b0.7,1,76,0.010715228727459907,99.82,1.5382120933532715,72.52499999999999
stl10,resnet34,sigk_l0.05_e100_w0.0001_m0.9_nf_a40_b0.7,2,86,0.009969163440167903,99.8,1.4860974445343018,72.52499999999999
stl10,resnet34,sigk_l0.05_e100_w0.0001_m0.9_nf_a40_b0.7,3,96,0.009061306431889534,99.82,1.5006611437797546,72.6875
stl10,resnet34,sigk_l0.05_e100_w0.0001_m0.9_nf_a40_b0.7,4,83,0.006934849954396486,99.86,1.6068096618652343,72.22500000000001
stl10,resnet34,sigk_l0.05_e100_w0.0001_m0.9_nf_a40_b0.7,5,86,0.008165149077773094,99.9,1.5409939889907838,71.7125
