DATA,MODEL,OPTIM,EXECUTION,EPOCH,TRAIN LOSS,TRAIN ACC1,VALID LOSS,VALID ACC1
stl10,resnet34,sigx_l0.1_e100_w0.0001_m0.9_nf_a35_b0.8,1,96,0.0065125807046890255,99.86,1.3914782338142395,74.675
stl10,resnet34,sigx_l0.1_e100_w0.0001_m0.9_nf_a35_b0.8,2,98,0.005082319643348455,99.96000000000001,1.5190922164916991,73.41250000000001
stl10,resnet34,sigx_l0.1_e100_w0.0001_m0.9_nf_a35_b0.8,3,87,0.007423012900352478,99.82,1.4732949204444885,73.2875
stl10,resnet34,sigx_l0.1_e100_w0.0001_m0.9_nf_a35_b0.8,4,95,0.006031712850928307,99.92,1.4211934323310853,73.78750000000001
stl10,resnet34,sigx_l0.1_e100_w0.0001_m0.9_nf_a35_b0.8,5,97,0.004339133451879025,99.94,1.5663665223121643,73.2
