DATA,MODEL,OPTIM,EXECUTION,EPOCH,TRAIN LOSS,TRAIN ACC1,VALID LOSS,VALID ACC1
agnews,rcnn,taso_l0.5_e20_w0_m0.9_nf_a25_b0.7,1,9,34.57726191276386,31.524166666666666,30.61367305761928,36.03947368421052
