DATA,MODEL,OPTIM,EXECUTION,EPOCH,TRAIN LOSS,TRAIN ACC1,VALID LOSS,VALID ACC1
stl10,resnet34,sigx_l0.1_e100_w0.0001_m0.9_nf_a25_b0.9,1,98,0.007297715570032596,99.86,1.3916269969940185,74.6125
stl10,resnet34,sigx_l0.1_e100_w0.0001_m0.9_nf_a25_b0.9,2,96,0.006181116579473019,99.9,1.496767020702362,73.15
stl10,resnet34,sigx_l0.1_e100_w0.0001_m0.9_nf_a25_b0.9,3,96,0.003028114077076316,99.98,1.5570106816291809,73.3875
stl10,resnet34,sigx_l0.1_e100_w0.0001_m0.9_nf_a25_b0.9,4,95,0.006760884109884501,99.83999999999999,1.4812365293502807,73.6875
stl10,resnet34,sigx_l0.1_e100_w0.0001_m0.9_nf_a25_b0.9,5,95,0.00494385642632842,99.92,1.5575214109420776,73.0
