DATA,MODEL,OPTIM,EXECUTION,EPOCH,TRAIN LOSS,TRAIN ACC1,VALID LOSS,VALID ACC1
svhn,resnet34,adagrad_l0.01_e100_w0.0001_d0_a0,1,70,0.013184952950769203,99.58229247716942,0.24565296086494726,95.75138291333744
