DATA,MODEL,OPTIM,EXECUTION,EPOCH,TRAIN LOSS,TRAIN ACC1,VALID LOSS,VALID ACC1
agnews,rcnn,adagrad_l0.1_e20_w0_d0_a0,1,18,0.38258929395567465,87.24000000000001,0.2927004604049264,90.28947368421053
