DATA,MODEL,OPTIM,EXECUTION,EPOCH,TRAIN LOSS,TRAIN ACC1,VALID LOSS,VALID ACC1
cifar10,resnet50,sigw_l0.1_e100_w0.0001_m0.9_nf_a35_b0.7,1,88,0.005077824923696462,99.90599999999999,0.21129335837066174,95.16
