DATA,MODEL,OPTIM,EXECUTION,EPOCH,TRAIN LOSS,TRAIN ACC1,VALID LOSS,VALID ACC1
stl10,resnet34,sigx_l0.1_e100_w0.0001_m0.9_nt_a80_b0.7,1,87,0.01278342715203762,99.82,1.3582748975753784,73.32499999999999
stl10,resnet34,sigx_l0.1_e100_w0.0001_m0.9_nt_a80_b0.7,2,72,0.011931996731460094,99.74,1.5309918565750122,71.88749999999999
stl10,resnet34,sigx_l0.1_e100_w0.0001_m0.9_nt_a80_b0.7,3,92,0.011359505781531333,99.83999999999999,1.3201494269371032,73.6875
stl10,resnet34,sigx_l0.1_e100_w0.0001_m0.9_nt_a80_b0.7,4,77,0.011763305166363716,99.86,1.3797010316848755,73.2375
stl10,resnet34,sigx_l0.1_e100_w0.0001_m0.9_nt_a80_b0.7,5,82,0.011495022529363632,99.88,1.3780904502868652,73.15
