DATA,MODEL,OPTIM,EXECUTION,EPOCH,TRAIN LOSS,TRAIN ACC1,VALID LOSS,VALID ACC1
agnews,rcnn,adam_l0.0001_e20_w0.0001_at_bf0.9_bs0.99,1,17,0.23980568935182003,92.27,0.29611215268480306,89.69736842105263
