DATA,MODEL,OPTIM,EXECUTION,EPOCH,TRAIN LOSS,TRAIN ACC1,VALID LOSS,VALID ACC1
stl10,resnet34,sigx_l0.1_e100_w0.0001_m0.9_nf_a25_b0.8,1,95,0.004723257626593113,99.98,1.4315680232048034,74.2625
stl10,resnet34,sigx_l0.1_e100_w0.0001_m0.9_nf_a25_b0.8,2,97,0.004117397886514664,99.92,1.516514479637146,73.88749999999999
stl10,resnet34,sigx_l0.1_e100_w0.0001_m0.9_nf_a25_b0.8,3,95,0.004031171568483114,99.94,1.4915390167236329,73.41250000000001
stl10,resnet34,sigx_l0.1_e100_w0.0001_m0.9_nf_a25_b0.8,4,95,0.0045345743719488385,99.92,1.4691640820503236,73.575
stl10,resnet34,sigx_l0.1_e100_w0.0001_m0.9_nf_a25_b0.8,5,92,0.00481018091365695,99.96000000000001,1.552754312992096,72.8125
