DATA,MODEL,OPTIM,EXECUTION,EPOCH,TRAIN LOSS,TRAIN ACC1,VALID LOSS,VALID ACC1
agnews,rcnn,htd_l0.1_e20_w0_m0.9_nf_l-6_u3,1,20,0.4915499441373758,83.15333333333334,0.3589990043374982,87.82894736842105
