DATA,MODEL,OPTIM,EXECUTION,EPOCH,TRAIN LOSS,TRAIN ACC1,VALID LOSS,VALID ACC1
yelprf,s2satt,adagrad_l0.01_e1_w0_d0_a0,1,1,1.0027095756920736,55.97984615384615,1.3585972373988342,43.733999999999995
