DATA,MODEL,OPTIM,EXECUTION,EPOCH,TRAIN LOSS,TRAIN ACC1,VALID LOSS,VALID ACC1
stl10,resnet34,sigx_l0.1_e100_w0.0001_m0.9_nf_a70_b0.8,1,95,0.012359603983163834,99.74,1.2821088967323304,74.2
stl10,resnet34,sigx_l0.1_e100_w0.0001_m0.9_nf_a70_b0.8,2,84,0.009583359542489052,99.86,1.4081931271553039,73.175
stl10,resnet34,sigx_l0.1_e100_w0.0001_m0.9_nf_a70_b0.8,3,89,0.008821035650372505,99.86,1.4361292476654053,73.2125
stl10,resnet34,sigx_l0.1_e100_w0.0001_m0.9_nf_a70_b0.8,4,92,0.00882217571735382,99.86,1.402237148284912,73.175
stl10,resnet34,sigx_l0.1_e100_w0.0001_m0.9_nf_a70_b0.8,5,89,0.007902538461983204,99.88,1.421150424003601,73.4
