DATA,MODEL,OPTIM,EXECUTION,EPOCH,TRAIN LOSS,TRAIN ACC1,VALID LOSS,VALID ACC1
agnews,rcnn,cos_l0.5_e20_w0_m0.9_nt,1,20,1.1622148412869775,43.25416666666667,0.9490051656181063,64.13157894736842
