DATA,MODEL,OPTIM,EXECUTION,EPOCH,TRAIN LOSS,TRAIN ACC1,VALID LOSS,VALID ACC1
agnews,s2satt,taso_l0.05_e20_w0.0001_m0.9_nf_a25_b0.7_l4,1,20,0.14587713809850694,94.99416666666667,0.22742828420790998,92.55263157894737
