DATA,MODEL,OPTIM,EXECUTION,EPOCH,TRAIN LOSS,TRAIN ACC1,VALID LOSS,VALID ACC1
agnews,rcnn,sgd_l0.005_e20_w0.0001_m0.9_nf,1,18,0.33242828093011423,88.85,0.2939186463426049,89.89473684210526
