DATA,MODEL,OPTIM,EXECUTION,EPOCH,TRAIN LOSS,TRAIN ACC1,VALID LOSS,VALID ACC1
agnews,rcnn,adagrad_l0.01_e20_w0.0001_d0_a0,1,18,0.21871385069228721,93.15083333333334,0.3011155312114457,89.96052631578948
