DATA,MODEL,OPTIM,EXECUTION,EPOCH,TRAIN LOSS,TRAIN ACC1,VALID LOSS,VALID ACC1
agnews,rcnn,adagrad_l0.05_e20_w0.0001_d0_a0.1,1,20,0.24035815500102561,92.25750000000001,0.281492845831149,90.02631578947368
