DATA,MODEL,OPTIM,EXECUTION,EPOCH,TRAIN LOSS,TRAIN ACC1,VALID LOSS,VALID ACC1
cifar10,resnet50,adagrad_l1_e100_w0.0001_d0_a0,1,94,0.5131261871910096,82.37400000000001,0.6860693873405457,77.62
