DATA,MODEL,OPTIM,EXECUTION,EPOCH,TRAIN LOSS,TRAIN ACC1,VALID LOSS,VALID ACC1
yelprf,s2satt,adagrad_l0.5_e20_w0_d0_a0.1,1,11,0.686779302553195,68.91723076923077,0.7822798165693677,64.878
yelprf,s2satt,adagrad_l0.5_e20_w0_d0_a0.1,2,9,0.6928333442125352,68.62784615384616,0.7829533672325077,64.726
yelprf,s2satt,adagrad_l0.5_e20_w0_d0_a0.1,3,6,0.7190390820814494,67.57615384615386,0.775180588083301,64.776
yelprf,s2satt,adagrad_l0.5_e20_w0_d0_a0.1,4,9,0.695213453575375,68.464,0.7850363652344703,64.71199999999999
yelprf,s2satt,adagrad_l0.5_e20_w0_d0_a0.1,2,9,0.6928333442125352,68.62784615384616,0.7829533672325077,64.726
yelprf,s2satt,adagrad_l0.5_e20_w0_d0_a0.1,3,6,0.7190390820814494,67.57615384615386,0.775180588083301,64.776
yelprf,s2satt,adagrad_l0.5_e20_w0_d0_a0.1,4,9,0.695213453575375,68.464,0.7850363652344703,64.71199999999999
yelprf,s2satt,adagrad_l0.5_e20_w0_d0_a0.1,5,8,0.704985370034998,68.18015384615384,0.7863485111235706,64.498
