DATA,MODEL,OPTIM,EXECUTION,EPOCH,TRAIN LOSS,TRAIN ACC1,VALID LOSS,VALID ACC1
agnews,textrnn,taso_l0.1_e20_w0.0001_m0.9_nf_a5_b0.7,1,20,0.16492305427074588,94.21583333333334,0.3591965539149732,87.72368421052632
