DATA,MODEL,OPTIM,EXECUTION,EPOCH,TRAIN LOSS,TRAIN ACC1,VALID LOSS,VALID ACC1
agnews,rcnn,adagrad_l0.5_e20_w0_d0_a0.1,1,14,0.2726652013477926,92.01166666666667,0.2730377214877077,91.11842105263158
