DATA,MODEL,OPTIM,EXECUTION,EPOCH,TRAIN LOSS,TRAIN ACC1,VALID LOSS,VALID ACC1
stl10,resnet34,sigz_l0.1_e100_w0.0001_m0.9_nf_a35_b0.6,1,92,0.011801584669947624,99.74,1.4649893569946288,73.97500000000001
