DATA,MODEL,OPTIM,EXECUTION,EPOCH,TRAIN LOSS,TRAIN ACC1,VALID LOSS,VALID ACC1
agnews,rcnn,sgd_l0.05_e20_w0_m0.9_nt,1,18,0.22451344029433565,92.96083333333334,0.3787441703830062,88.03947368421052
