DATA,MODEL,OPTIM,EXECUTION,EPOCH,TRAIN LOSS,TRAIN ACC1,VALID LOSS,VALID ACC1
stl10,resnet34,sigk_l0.05_e100_w0.0001_m0.9_nt_a20_b0.7,1,97,0.005995865848660469,99.92,1.639447868824005,72.1625
stl10,resnet34,sigk_l0.05_e100_w0.0001_m0.9_nt_a20_b0.7,2,96,0.0041238914296031,99.94,1.6562291951179504,72.1875
stl10,resnet34,sigk_l0.05_e100_w0.0001_m0.9_nt_a20_b0.7,3,97,0.00452940570935607,99.98,1.6059623770713807,73.3125
stl10,resnet34,sigk_l0.05_e100_w0.0001_m0.9_nt_a20_b0.7,4,96,0.0038348619632422925,99.92,1.6155189161300658,72.5125
stl10,resnet34,sigk_l0.05_e100_w0.0001_m0.9_nt_a20_b0.7,5,96,0.0043122688382864,99.96000000000001,1.6355394024848937,71.9375
