DATA,MODEL,OPTIM,EXECUTION,EPOCH,TRAIN LOSS,TRAIN ACC1,VALID LOSS,VALID ACC1
agnews,textrnn,taso_l0.1_e20_w0.0001_m0.9_nf_a65_b0.7,1,16,0.18415215406531646,93.54833333333333,0.23331526141502396,92.27631578947368
