DATA,MODEL,OPTIM,EXECUTION,EPOCH,TRAIN LOSS,TRAIN ACC1,VALID LOSS,VALID ACC1
agnews,rcnn,htd_l0.5_e20_w0.0001_m0.9_nt_l-6_u3,1,20,0.6160422455761619,77.58666666666667,0.5867636952406706,79.17105263157896
