DATA,MODEL,OPTIM,EXECUTION,EPOCH,TRAIN LOSS,TRAIN ACC1,VALID LOSS,VALID ACC1
stl10,resnet34,sigx_l0.1_e100_w0.0001_m0.9_nf_a50_b0.7,1,95,0.008137985986471176,99.9,1.3862206959724426,73.7125
stl10,resnet34,sigx_l0.1_e100_w0.0001_m0.9_nf_a50_b0.7,2,97,0.009111381256580352,99.86,1.470055085659027,72.96249999999999
stl10,resnet34,sigx_l0.1_e100_w0.0001_m0.9_nf_a50_b0.7,3,76,0.010359101869165898,99.76,1.4764439959526061,72.9375
stl10,resnet34,sigx_l0.1_e100_w0.0001_m0.9_nf_a50_b0.7,4,92,0.009172641396522522,99.83999999999999,1.434513514995575,73.1375
stl10,resnet34,sigx_l0.1_e100_w0.0001_m0.9_nf_a50_b0.7,5,77,0.008520377527177334,99.88,1.4888367557525635,72.78750000000001
