DATA,MODEL,OPTIM,EXECUTION,EPOCH,TRAIN LOSS,TRAIN ACC1,VALID LOSS,VALID ACC1
agnews,s2satt,taso_l0.05_e20_w0.0001_m0.9_nt_a25_b0.7,1,20,0.13685215598324993,95.36,0.22684464646942293,92.57894736842105
