DATA,MODEL,OPTIM,EXECUTION,EPOCH,TRAIN LOSS,TRAIN ACC1,VALID LOSS,VALID ACC1
stl10,resnet34,sigx_l0.1_e100_w0.0001_m0.9_nt_a15_b0.8,1,94,0.0027156318239867686,99.96000000000001,1.5194949221611023,74.08749999999999
stl10,resnet34,sigx_l0.1_e100_w0.0001_m0.9_nt_a15_b0.8,2,95,0.0031894322082400323,99.96000000000001,1.5507464804649354,73.9375
stl10,resnet34,sigx_l0.1_e100_w0.0001_m0.9_nt_a15_b0.8,3,96,0.0026710696302354336,99.94,1.5887187423706055,73.175
stl10,resnet34,sigx_l0.1_e100_w0.0001_m0.9_nt_a15_b0.8,4,94,0.003264136488735676,99.9,1.4938060879707336,73.8
stl10,resnet34,sigx_l0.1_e100_w0.0001_m0.9_nt_a15_b0.8,5,96,0.002542185853794217,99.96000000000001,1.628324345588684,73.575
