DATA,MODEL,OPTIM,EXECUTION,EPOCH,TRAIN LOSS,TRAIN ACC1,VALID LOSS,VALID ACC1
stl10,resnet34,sigx_l0.1_e100_w0.0001_m0.9_nt_a70_b0.8,1,86,0.007592580008506775,99.86,1.4152713317871093,73.95
stl10,resnet34,sigx_l0.1_e100_w0.0001_m0.9_nt_a70_b0.8,2,92,0.00829301160350442,99.86,1.5370323944091797,72.725
stl10,resnet34,sigx_l0.1_e100_w0.0001_m0.9_nt_a70_b0.8,3,97,0.009643166421353816,99.86,1.391997790813446,74.15
stl10,resnet34,sigx_l0.1_e100_w0.0001_m0.9_nt_a70_b0.8,4,92,0.005370207255333662,99.94,1.4965426216125488,73.0
stl10,resnet34,sigx_l0.1_e100_w0.0001_m0.9_nt_a70_b0.8,5,86,0.009939916467666626,99.82,1.4373606481552124,72.85
