DATA,MODEL,OPTIM,EXECUTION,EPOCH,TRAIN LOSS,TRAIN ACC1,VALID LOSS,VALID ACC1
agnews,rcnn,adagrad_l0.1_e10_w0.0001_d0_a0,1,9,0.29490981745467704,90.42416666666666,0.3500502160796111,87.30263157894737
