DATA,MODEL,OPTIM,EXECUTION,EPOCH,TRAIN LOSS,TRAIN ACC1,VALID LOSS,VALID ACC1
stl10,resnet34,sigx_l0.1_e100_w0.0001_m0.9_nf_a35_b0.7,1,86,0.007857007537782193,99.88,1.4174008822441102,74.2
stl10,resnet34,sigx_l0.1_e100_w0.0001_m0.9_nf_a35_b0.7,2,86,0.00465786526799202,99.96000000000001,1.4733994970321656,73.6875
stl10,resnet34,sigx_l0.1_e100_w0.0001_m0.9_nf_a35_b0.7,3,93,0.006250189212709666,99.94,1.4936714615821838,72.98750000000001
stl10,resnet34,sigx_l0.1_e100_w0.0001_m0.9_nf_a35_b0.7,4,76,0.008803283123672009,99.76,1.4445378017425536,73.05
stl10,resnet34,sigx_l0.1_e100_w0.0001_m0.9_nf_a35_b0.7,5,76,0.008594599649310112,99.86,1.5148834700584413,72.8
