DATA,MODEL,OPTIM,EXECUTION,EPOCH,TRAIN LOSS,TRAIN ACC1,VALID LOSS,VALID ACC1
agnews,s2satt,adam_l0.0005_e20_w0_at_bf0.9_bs0.99,1,18,0.11434191634650663,96.22500000000001,0.32956807275242783,89.90789473684211
