DATA,MODEL,OPTIM,EXECUTION,EPOCH,TRAIN LOSS,TRAIN ACC1,VALID LOSS,VALID ACC1
yelprf,s2satt,taso_l0.05_e20_w0.0001_m0.9_nf_a25_b0.7_l2,1,20,0.7697071231257929,65.62676923076923,0.7773632647741353,64.66000000000001
