DATA,MODEL,OPTIM,EXECUTION,EPOCH,TRAIN LOSS,TRAIN ACC1,VALID LOSS,VALID ACC1
cifar10,resnet34,rmsprop_l0.01_e100_w0_m0_ct_a0.99,1,91,0.053094007458444684,98.842,0.4376086884319782,92.93
cifar10,resnet34,rmsprop_l0.01_e100_w0_m0_ct_a0.99,2,96,0.03395157264770434,98.924,0.6098006622582675,92.04
cifar10,resnet34,rmsprop_l0.01_e100_w0_m0_ct_a0.99,3,74,0.04951862008418888,98.458,0.5478672263860702,92.49000000000001
cifar10,resnet34,rmsprop_l0.01_e100_w0_m0_ct_a0.99,4,95,0.04585112322480927,98.828,0.5651423681855202,92.42
