DATA,MODEL,OPTIM,EXECUTION,EPOCH,TRAIN LOSS,TRAIN ACC1,VALID LOSS,VALID ACC1
agnews,rcnn,adagrad_l0.05_e20_w0_d0_a0.1,1,20,0.2100797791134919,93.36333333333333,0.2945791477627402,90.17105263157895
