DATA,MODEL,OPTIM,EXECUTION,EPOCH,TRAIN LOSS,TRAIN ACC1,VALID LOSS,VALID ACC1
cifar10,resnet34,rmsprop_l0.01_e100_w0.0001_m0_ct_a0.99,1,93,0.6729043049526214,76.51,0.8878689004898072,69.91000000000001
