DATA,MODEL,OPTIM,EXECUTION,EPOCH,TRAIN LOSS,TRAIN ACC1,VALID LOSS,VALID ACC1
agnews,rcnn,taso_l0.1_e20_w0.0001_m0.9_nf_a25_b0.7_l2,1,20,0.4665635037843975,84.36333333333333,0.3469089156026317,88.52631578947368
