DATA,MODEL,OPTIM,EXECUTION,EPOCH,TRAIN LOSS,TRAIN ACC1,VALID LOSS,VALID ACC1
cifar10,resnet34,taso_l0.1_e100_w0_m0_nf_a25_b0.7,1,88,0.0019517112306528725,99.96199999999999,0.40568871931433675,92.88
