DATA,MODEL,OPTIM,EXECUTION,EPOCH,TRAIN LOSS,TRAIN ACC1,VALID LOSS,VALID ACC1
cifar10,resnet50,adagrad_l0.05_e100_w0_d0_a0,1,91,0.006661609843899496,99.78399999999999,0.5835352687835693,90.89
