DATA,MODEL,OPTIM,EXECUTION,EPOCH,TRAIN LOSS,TRAIN ACC1,VALID LOSS,VALID ACC1
stl10,resnet34,sigx_l0.1_e100_w0.0001_m0.9_nf_a60_b0.8,1,97,0.008525813725590706,99.88,1.323223846912384,74.725
stl10,resnet34,sigx_l0.1_e100_w0.0001_m0.9_nf_a60_b0.8,2,89,0.009325130212306977,99.9,1.3779503593444824,73.41250000000001
stl10,resnet34,sigx_l0.1_e100_w0.0001_m0.9_nf_a60_b0.8,3,90,0.008799567707628011,99.86,1.4434703249931335,72.8375
stl10,resnet34,sigx_l0.1_e100_w0.0001_m0.9_nf_a60_b0.8,4,92,0.00840741221010685,99.82,1.389042626619339,73.3375
stl10,resnet34,sigx_l0.1_e100_w0.0001_m0.9_nf_a60_b0.8,5,97,0.009231486207246781,99.86,1.408774007320404,72.825
