DATA,MODEL,OPTIM,EXECUTION,EPOCH,TRAIN LOSS,TRAIN ACC1,VALID LOSS,VALID ACC1
stl10,resnet34,sigx_l0.1_e100_w0.0001_m0.9_nf_a60_b0.7,1,98,0.011918737876415253,99.8,1.3561016669273376,73.95
stl10,resnet34,sigx_l0.1_e100_w0.0001_m0.9_nf_a60_b0.7,2,95,0.010914262521266937,99.86,1.4130008373260499,73.025
stl10,resnet34,sigx_l0.1_e100_w0.0001_m0.9_nf_a60_b0.7,3,92,0.010291864696145058,99.82,1.3833798246383666,73.15
stl10,resnet34,sigx_l0.1_e100_w0.0001_m0.9_nf_a60_b0.7,4,95,0.010730181109905243,99.83999999999999,1.3981759700775147,72.6875
stl10,resnet34,sigx_l0.1_e100_w0.0001_m0.9_nf_a60_b0.7,5,92,0.009141398538649082,99.82,1.490737295150757,72.1125
