DATA,MODEL,OPTIM,EXECUTION,EPOCH,TRAIN LOSS,TRAIN ACC1,VALID LOSS,VALID ACC1
cifar10,resnet50,adagrad_l0.001_e100_w0.0001_d0_a0,1,91,0.21489354450702666,92.55799999999999,0.532054130077362,83.65
