DATA,MODEL,OPTIM,EXECUTION,EPOCH,TRAIN LOSS,TRAIN ACC1,VALID LOSS,VALID ACC1
stl10,resnet34,sigx_l0.1_e100_w0.0001_m0.9_nf_a5_b0.7,1,95,0.005464531265944242,99.9,1.5960144100189209,72.7125
stl10,resnet34,sigx_l0.1_e100_w0.0001_m0.9_nf_a5_b0.7,2,99,0.006232940751314163,99.86,1.661012427330017,72.32499999999999
stl10,resnet34,sigx_l0.1_e100_w0.0001_m0.9_nf_a5_b0.7,3,96,0.004513611324131489,99.94,1.6542322669029237,72.7
stl10,resnet34,sigx_l0.1_e100_w0.0001_m0.9_nf_a5_b0.7,4,96,0.016263602510094642,99.58,1.5834407196044922,72.125
stl10,resnet34,sigx_l0.1_e100_w0.0001_m0.9_nf_a5_b0.7,5,92,0.004882717012986541,99.9,1.6731641278266907,72.3125
