DATA,MODEL,OPTIM,EXECUTION,EPOCH,TRAIN LOSS,TRAIN ACC1,VALID LOSS,VALID ACC1
agnews,rcnn,adam_l0.001_e20_w0_af_bf0.9_bs0.99,1,11,0.1690352722056719,95.23833333333333,0.2777420099051179,91.11842105263158
