DATA,MODEL,OPTIM,EXECUTION,EPOCH,TRAIN LOSS,TRAIN ACC1,VALID LOSS,VALID ACC1
stl10,resnet34,sigz_l0.1_e100_w0.0001_m0.9_nf_a80_b0.7,1,96,0.01346289499104023,99.83999999999999,1.2774176321029662,74.025
