DATA,MODEL,OPTIM,EXECUTION,EPOCH,TRAIN LOSS,TRAIN ACC1,VALID LOSS,VALID ACC1
agnews,rcnn,taso_l0.05_e20_w0.0001_m0.9_nf_a25_b0.7_l2,1,19,0.1601191352309278,94.63416666666666,0.24287475933778005,92.57894736842105
