DATA,MODEL,OPTIM,EXECUTION,EPOCH,TRAIN LOSS,TRAIN ACC1,VALID LOSS,VALID ACC1
stl10,resnet34,sigx_l0.1_e100_w0.0001_m0.9_nt_a10_b0.8,1,97,0.0046710335746407506,99.94,1.5919856975078583,73.5875
stl10,resnet34,sigx_l0.1_e100_w0.0001_m0.9_nt_a10_b0.8,2,91,0.006139365500211716,99.9,1.545677260875702,73.375
stl10,resnet34,sigx_l0.1_e100_w0.0001_m0.9_nt_a10_b0.8,3,100,0.002619873150065541,100.0,1.509746591567993,74.5625
stl10,resnet34,sigx_l0.1_e100_w0.0001_m0.9_nt_a10_b0.8,4,93,0.006897066605836153,99.83999999999999,1.6098497891426087,73.1375
stl10,resnet34,sigx_l0.1_e100_w0.0001_m0.9_nt_a10_b0.8,5,97,0.002707447582297027,99.96000000000001,1.7118183155059814,73.25
