DATA,MODEL,OPTIM,EXECUTION,EPOCH,TRAIN LOSS,TRAIN ACC1,VALID LOSS,VALID ACC1
stl10,resnet34,sigk_l0.1_e100_w0.0001_m0.9_nt_a30_b0.9,1,96,0.002747872422635555,99.98,1.4836520609855652,74.5375
stl10,resnet34,sigk_l0.1_e100_w0.0001_m0.9_nt_a30_b0.9,2,96,0.004686126888915896,99.92,1.6282971682548524,72.825
stl10,resnet34,sigk_l0.1_e100_w0.0001_m0.9_nt_a30_b0.9,3,94,0.00587436213940382,99.92,1.3889313151836395,74.5375
stl10,resnet34,sigk_l0.1_e100_w0.0001_m0.9_nt_a30_b0.9,4,95,0.004211546674370766,99.98,1.5239295301437379,73.08749999999999
stl10,resnet34,sigk_l0.1_e100_w0.0001_m0.9_nt_a30_b0.9,5,96,0.0055425945304334165,99.9,1.6064369015693665,72.7375
