DATA,MODEL,OPTIM,EXECUTION,EPOCH,TRAIN LOSS,TRAIN ACC1,VALID LOSS,VALID ACC1
stl10,resnet34,sigz_l0.1_e100_w0.0001_m0.9_nf_a10_b0.5,1,81,0.006902727477252483,99.83999999999999,1.5800549130439758,71.89999999999999
