DATA,MODEL,OPTIM,EXECUTION,EPOCH,TRAIN LOSS,TRAIN ACC1,VALID LOSS,VALID ACC1
agnews,rcnn,rmsprop_l0.0005_e20_w0.0001_m0_cf_a0.99,1,20,0.18186691628593254,94.38416666666667,0.30422144630432685,89.32894736842105
