DATA,MODEL,OPTIM,EXECUTION,EPOCH,TRAIN LOSS,TRAIN ACC1,VALID LOSS,VALID ACC1
cifar100,densenetbc100,adam_l0.0005_e100_w0_at_bf0.9_bs0.99,1,93,0.20829118752002715,93.28,2.0422903541564943,64.27000000000001
