DATA,MODEL,OPTIM,EXECUTION,EPOCH,TRAIN LOSS,TRAIN ACC1,VALID LOSS,VALID ACC1
cifar10,resnet50,htd_l0.5_e100_w0.0001_m0.9_nf_l-6_u3,1,95,0.01573720313668251,99.55199999999999,0.25731597628593444,93.85
