DATA,MODEL,OPTIM,EXECUTION,EPOCH,TRAIN LOSS,TRAIN ACC1,VALID LOSS,VALID ACC1
agnews,rcnn,taso_l0.05_e20_w0.0001_m0.9_nf_a25_b0.7_l4,1,20,0.18590611625783532,93.90583333333333,0.2560025726433324,92.26315789473685
