DATA,MODEL,OPTIM,EXECUTION,EPOCH,TRAIN LOSS,TRAIN ACC1,VALID LOSS,VALID ACC1
stl10,resnet34,sigz_l0.1_e100_w0.0001_m0.9_nt_a40_b0.5,1,92,0.012432879261672497,99.83999999999999,1.4816777229309082,72.4875
