DATA,MODEL,OPTIM,EXECUTION,EPOCH,TRAIN LOSS,TRAIN ACC1,VALID LOSS,VALID ACC1
agnews,textrnn,taso_l0.1_e20_w0.0001_m0.9_nf_a35_b0.8,1,20,0.16950257311559952,94.02666666666667,0.23730874735966093,92.36842105263158
