DATA,MODEL,OPTIM,EXECUTION,EPOCH,TRAIN LOSS,TRAIN ACC1,VALID LOSS,VALID ACC1
agnews,s2satt,adagrad_l0.5_e20_w0_d0_a0.1,1,17,0.08147142934158746,97.09916666666668,0.3724485816661394,90.5
agnews,s2satt,adagrad_l0.5_e20_w0_d0_a0.1,2,19,0.07916413120094933,97.15166666666667,0.4369143667595223,90.03947368421052
agnews,s2satt,adagrad_l0.5_e20_w0_d0_a0.1,3,15,0.09487235052141621,96.63166666666667,0.3835786042551309,89.63157894736841
agnews,s2satt,adagrad_l0.5_e20_w0_d0_a0.1,4,18,0.07671280372733837,97.24833333333333,0.37804251328595895,90.42105263157895
agnews,s2satt,adagrad_l0.5_e20_w0_d0_a0.1,5,19,0.07956125548361503,97.195,0.4240165845070614,89.8421052631579
