DATA,MODEL,OPTIM,EXECUTION,EPOCH,TRAIN LOSS,TRAIN ACC1,VALID LOSS,VALID ACC1
stl10,resnet34,sigk_l0.05_e100_w0.0001_m0.9_nf_a20_b0.9,1,96,0.0069026035010814665,99.9,1.564108811378479,72.5125
stl10,resnet34,sigk_l0.05_e100_w0.0001_m0.9_nf_a20_b0.9,2,95,0.005604237700253725,99.9,1.6280449032783508,71.8375
stl10,resnet34,sigk_l0.05_e100_w0.0001_m0.9_nf_a20_b0.9,3,96,0.005039395502209663,99.92,1.5370726404190063,73.08749999999999
stl10,resnet34,sigk_l0.05_e100_w0.0001_m0.9_nf_a20_b0.9,4,92,0.011472024950385094,99.74,1.5983074960708619,72.4375
stl10,resnet34,sigk_l0.05_e100_w0.0001_m0.9_nf_a20_b0.9,5,100,0.005397614711523056,99.86,1.5903023529052733,71.96249999999999
