DATA,MODEL,OPTIM,EXECUTION,EPOCH,TRAIN LOSS,TRAIN ACC1,VALID LOSS,VALID ACC1
agnews,rcnn,adagrad_l0.1_e10_w0_d0_a0,1,10,0.3956825090798689,86.65916666666666,0.3070059953984332,89.52631578947368
