DATA,MODEL,OPTIM,EXECUTION,EPOCH,TRAIN LOSS,TRAIN ACC1,VALID LOSS,VALID ACC1
stl10,resnet34,taso_l0.1_e100_w0.0001_m0.9_nf_a10_b0.7,1,96,0.0032608252350240946,99.96000000000001,1.5638217287063598,73.2875
