DATA,MODEL,OPTIM,EXECUTION,EPOCH,TRAIN LOSS,TRAIN ACC1,VALID LOSS,VALID ACC1
cifar10,resnet50,sigw_l0.1_e100_w0.0001_m0.9_nf_a40_b0.7,1,98,0.006420863919723779,99.844,0.21062285752340396,94.99
cifar10,resnet50,sigw_l0.1_e100_w0.0001_m0.9_nf_a40_b0.7,2,90,0.007465124186165631,99.82,0.2009936246216297,95.09
cifar10,resnet50,sigw_l0.1_e100_w0.0001_m0.9_nf_a40_b0.7,3,94,0.00639580242046155,99.848,0.20620980411597412,94.89
cifar10,resnet50,sigw_l0.1_e100_w0.0001_m0.9_nf_a40_b0.7,4,84,0.006501908122524619,99.85199999999999,0.20120398665368558,95.00999999999999
cifar10,resnet50,sigw_l0.1_e100_w0.0001_m0.9_nf_a40_b0.7,5,94,0.0064713983745872975,99.83999999999999,0.2005533227145672,95.26
