DATA,MODEL,OPTIM,EXECUTION,EPOCH,TRAIN LOSS,TRAIN ACC1,VALID LOSS,VALID ACC1
yahooa,rcnn,adagrad_l0.5_e20_w0_d0_a0.1,1,19,0.7640708475805211,72.93778571428571,0.7458572317717843,71.85833333333333
