DATA,MODEL,OPTIM,EXECUTION,EPOCH,TRAIN LOSS,TRAIN ACC1,VALID LOSS,VALID ACC1
yahooa,rcnn,adagrad_l0.5_e20_w0_d0_a0.1,1,19,0.7640708475805211,72.93778571428571,0.7458572317717843,71.85833333333333
yahooa,rcnn,adagrad_l0.5_e20_w0_d0_a0.1,2,20,0.797671935309961,71.74385714285714,0.7550549243758008,71.41166666666668
