DATA,MODEL,OPTIM,EXECUTION,EPOCH,TRAIN LOSS,TRAIN ACC1,VALID LOSS,VALID ACC1
stl10,resnet34,sigz_l0.1_e100_w0.0001_m0.9_nt_a55_b0.5,1,95,0.015556996688246727,99.88,1.381218942642212,73.08749999999999
