DATA,MODEL,OPTIM,EXECUTION,EPOCH,TRAIN LOSS,TRAIN ACC1,VALID LOSS,VALID ACC1
yelprf,textcnn,adagrad_l0.01_e1_w0_d0_a0,1,1,1.3009434556471617,43.31123076923077,1.4233025236154166,36.19799999999999
