DATA,MODEL,OPTIM,EXECUTION,EPOCH,TRAIN LOSS,TRAIN ACC1,VALID LOSS,VALID ACC1
stl10,resnet34,sigx_l0.1_e100_w0.0001_m0.9_nt_a25_b0.7,1,96,0.004792125129699707,99.88,1.6163054761886597,72.825
stl10,resnet34,sigx_l0.1_e100_w0.0001_m0.9_nt_a25_b0.7,2,76,0.008060251592099667,99.88,1.5052728617191315,73.025
stl10,resnet34,sigx_l0.1_e100_w0.0001_m0.9_nt_a25_b0.7,3,96,0.004423759900778532,99.94,1.5247193145751954,73.3125
stl10,resnet34,sigx_l0.1_e100_w0.0001_m0.9_nt_a25_b0.7,4,97,0.006473390871286392,99.86,1.4960912013053893,73.32499999999999
stl10,resnet34,sigx_l0.1_e100_w0.0001_m0.9_nt_a25_b0.7,5,92,0.005221133706718683,99.86,1.5369918279647827,73.88749999999999
