DATA,MODEL,OPTIM,EXECUTION,EPOCH,TRAIN LOSS,TRAIN ACC1,VALID LOSS,VALID ACC1
stl10,resnet34,sigx_l0.1_e100_w0.0001_m0.9_nf_a65_b0.8,1,94,0.006843665165454149,99.86,1.417808732032776,74.125
stl10,resnet34,sigx_l0.1_e100_w0.0001_m0.9_nf_a65_b0.8,2,86,0.01138949185013771,99.78,1.4101885509490968,73.05
stl10,resnet34,sigx_l0.1_e100_w0.0001_m0.9_nf_a65_b0.8,3,87,0.009252118918299674,99.83999999999999,1.3866346082687377,72.91250000000001
stl10,resnet34,sigx_l0.1_e100_w0.0001_m0.9_nf_a65_b0.8,4,92,0.008393300664424896,99.8,1.3696874737739564,73.625
stl10,resnet34,sigx_l0.1_e100_w0.0001_m0.9_nf_a65_b0.8,5,92,0.010468757675588131,99.82,1.4923895688056945,72.4375
