DATA,MODEL,OPTIM,EXECUTION,EPOCH,TRAIN LOSS,TRAIN ACC1,VALID LOSS,VALID ACC1
stl10,resnet34,sigx_l0.1_e100_w0.0001_m0.9_nt_a55_b0.9,1,96,0.0046240042842924595,99.86,1.4829603390693664,74.05
stl10,resnet34,sigx_l0.1_e100_w0.0001_m0.9_nt_a55_b0.9,2,98,0.005592370343208313,99.96000000000001,1.5050138001441955,72.96249999999999
stl10,resnet34,sigx_l0.1_e100_w0.0001_m0.9_nt_a55_b0.9,3,95,0.006353172487020492,99.9,1.3899046478271484,74.0375
stl10,resnet34,sigx_l0.1_e100_w0.0001_m0.9_nt_a55_b0.9,4,97,0.006326125601679087,99.86,1.4688828015327453,72.9375
stl10,resnet34,sigx_l0.1_e100_w0.0001_m0.9_nt_a55_b0.9,5,95,0.0046923179239034656,99.94,1.531937388896942,73.1125
