DATA,MODEL,OPTIM,EXECUTION,EPOCH,TRAIN LOSS,TRAIN ACC1,VALID LOSS,VALID ACC1
cifar10,resnet50,sigw_l0.1_e100_w0.0001_m0.9_nf_a35_b0.9,1,100,0.005922690924173221,99.83800000000001,0.2048455627825344,95.14
