DATA,MODEL,OPTIM,EXECUTION,EPOCH,TRAIN LOSS,TRAIN ACC1,VALID LOSS,VALID ACC1
cifar10,resnet50,sigw_l0.1_e100_w0.0001_m0.9_nf_a40_b0.9,1,99,0.006506394533775747,99.864,0.19918206978258676,95.17999999999999
