DATA,MODEL,OPTIM,EXECUTION,EPOCH,TRAIN LOSS,TRAIN ACC1,VALID LOSS,VALID ACC1
agnews,rcnn,htd_l1_e20_w0.0001_m0.9_nf_l-6_u3,1,20,0.7040664354239187,73.08916666666667,0.7616917104222324,64.09210526315789
