DATA,MODEL,OPTIM,EXECUTION,EPOCH,TRAIN LOSS,TRAIN ACC1,VALID LOSS,VALID ACC1
agnews,rcnn,taso_l0.1_e20_w0.0001_m0.9_nf_a25_b0.7,1,20,0.46473512173000325,84.2275,0.34561403388509054,88.05263157894737
