DATA,MODEL,OPTIM,EXECUTION,EPOCH,TRAIN LOSS,TRAIN ACC1,VALID LOSS,VALID ACC1
yelprf,textrnn,taso_l0.1_e20_w0.0001_m0.9_nf_a25_b0.7,1,20,0.8132887185292274,63.85261538461538,0.8098430268396737,63.27199999999999
