DATA,MODEL,OPTIM,EXECUTION,EPOCH,TRAIN LOSS,TRAIN ACC1,VALID LOSS,VALID ACC1
agnews,rcnn,adam_l0.0001_e20_w0_at_bf0.9_bs0.99,1,20,0.22078874899376547,92.99333333333333,0.2854547751881599,90.72368421052632
