DATA,MODEL,OPTIM,EXECUTION,EPOCH,TRAIN LOSS,TRAIN ACC1,VALID LOSS,VALID ACC1
stl10,resnet34,sigk_l0.05_e100_w0.0001_m0.9_nf_a50_b0.8,1,96,0.008633760166168214,99.83999999999999,1.4493683648109437,73.44999999999999
stl10,resnet34,sigk_l0.05_e100_w0.0001_m0.9_nf_a50_b0.8,2,87,0.00763174951672554,99.88,1.5490679912567138,72.88749999999999
stl10,resnet34,sigk_l0.05_e100_w0.0001_m0.9_nf_a50_b0.8,3,87,0.008479395318776369,99.76,1.5086227278709412,72.975
stl10,resnet34,sigk_l0.05_e100_w0.0001_m0.9_nf_a50_b0.8,4,92,0.008054914123564958,99.86,1.5845656027793884,72.2125
stl10,resnet34,sigk_l0.05_e100_w0.0001_m0.9_nf_a50_b0.8,5,96,0.007363844861090183,99.88,1.5692092580795287,71.75
