DATA,MODEL,OPTIM,EXECUTION,EPOCH,TRAIN LOSS,TRAIN ACC1,VALID LOSS,VALID ACC1
agnews,rcnn,adagrad_l0.005_e20_w0_d0_a0,1,20,0.23480299027720997,92.57416666666667,0.28712300576231914,90.1842105263158
