DATA,MODEL,OPTIM,EXECUTION,EPOCH,TRAIN LOSS,TRAIN ACC1,VALID LOSS,VALID ACC1
stl10,resnet34,sigx_l0.1_e100_w0.0001_m0.9_nt_a65_b0.9,1,93,0.009588481017947197,99.82,1.4563302869796753,74.4
stl10,resnet34,sigx_l0.1_e100_w0.0001_m0.9_nt_a65_b0.9,2,94,0.008792724084854125,99.82,1.4689808802604676,72.2375
stl10,resnet34,sigx_l0.1_e100_w0.0001_m0.9_nt_a65_b0.9,3,98,0.005551397144794464,99.94,1.378036599636078,74.2625
stl10,resnet34,sigx_l0.1_e100_w0.0001_m0.9_nt_a65_b0.9,4,95,0.005729470057785511,99.88,1.4123278889656068,73.9
stl10,resnet34,sigx_l0.1_e100_w0.0001_m0.9_nt_a65_b0.9,5,95,0.006762593319267035,99.82,1.4789157090187073,73.275
