DATA,MODEL,OPTIM,EXECUTION,EPOCH,TRAIN LOSS,TRAIN ACC1,VALID LOSS,VALID ACC1
agnews,rcnn,taso_l0.05_e20_w0.0001_m0.9_nt_a25_b0.7,1,18,0.18767112994391058,93.93833333333333,0.25540845884585145,92.17105263157895
