DATA,MODEL,OPTIM,EXECUTION,EPOCH,TRAIN LOSS,TRAIN ACC1,VALID LOSS,VALID ACC1
cifar10,resnet34,sgd_l0.1_e100_w0_m0_nf,1,99,0.013106007861306425,99.558,0.46274955867957324,92.33
cifar10,resnet34,sgd_l0.1_e100_w0_m0_nf,2,93,0.01232687954209745,99.59599999999999,0.47348113244771955,91.86999999999999
