DATA,MODEL,OPTIM,EXECUTION,EPOCH,TRAIN LOSS,TRAIN ACC1,VALID LOSS,VALID ACC1
agnews,rcnn,adagrad_l0.01_e10_w0_d0_a0,1,9,0.2425971240260649,92.37083333333334,0.31638237490276744,89.40789473684211
