DATA,MODEL,OPTIM,EXECUTION,EPOCH,TRAIN LOSS,TRAIN ACC1,VALID LOSS,VALID ACC1
agnews,rcnn,sgd_l0.001_e20_w0_m0.9_nf,1,18,0.3635359329554755,87.69666666666667,0.31710455804456933,89.01315789473684
