DATA,MODEL,OPTIM,EXECUTION,EPOCH,TRAIN LOSS,TRAIN ACC1,VALID LOSS,VALID ACC1
stl10,resnet34,sigk_l0.05_e100_w0.0001_m0.9_nt_a20_b0.9,1,95,0.008816516961157322,99.74,1.5978186645507813,72.24999999999999
stl10,resnet34,sigk_l0.05_e100_w0.0001_m0.9_nt_a20_b0.9,2,95,0.00564033738411963,99.88,1.6218663935661315,73.1125
stl10,resnet34,sigk_l0.05_e100_w0.0001_m0.9_nt_a20_b0.9,3,98,0.00447211432941258,99.94,1.657336296081543,72.85
stl10,resnet34,sigk_l0.05_e100_w0.0001_m0.9_nt_a20_b0.9,4,94,0.010604080973565579,99.68,1.578652676343918,72.775
stl10,resnet34,sigk_l0.05_e100_w0.0001_m0.9_nt_a20_b0.9,5,95,0.005276648198068142,99.9,1.6401564908027648,72.0
