DATA,MODEL,OPTIM,EXECUTION,EPOCH,TRAIN LOSS,TRAIN ACC1,VALID LOSS,VALID ACC1
agnews,rcnn,adagrad_l0.05_e20_w0_d0_a0,1,16,0.36437503146553574,87.83999999999999,0.29230031246589755,90.10526315789474
