DATA,MODEL,OPTIM,EXECUTION,EPOCH,TRAIN LOSS,TRAIN ACC1,VALID LOSS,VALID ACC1
cifar10,resnet34,rmsprop_l0.01_e100_w0.0001_m0.9_ct_a0.99,1,48,1.7678723446273803,33.994,2.1657368041992187,34.01
cifar10,resnet34,rmsprop_l0.01_e100_w0.0001_m0.9_ct_a0.99,2,47,1.6688851691436768,38.812000000000005,3.0842997615814207,32.11000000000001
cifar10,resnet34,rmsprop_l0.01_e100_w0.0001_m0.9_ct_a0.99,3,46,1.783030082397461,32.69,2.635920535850525,26.529999999999998
