DATA,MODEL,OPTIM,EXECUTION,EPOCH,TRAIN LOSS,TRAIN ACC1,VALID LOSS,VALID ACC1
stl10,resnet34,sigx_l0.1_e100_w0.0001_m0.9_nf_a75_b0.8,1,82,0.01758707787692547,99.74,1.292153002500534,74.2
stl10,resnet34,sigx_l0.1_e100_w0.0001_m0.9_nf_a75_b0.8,2,92,0.008323747339844704,99.9,1.4133750739097595,72.89999999999999
stl10,resnet34,sigx_l0.1_e100_w0.0001_m0.9_nf_a75_b0.8,3,86,0.00931892627775669,99.86,1.4196168167591094,73.22500000000001
stl10,resnet34,sigx_l0.1_e100_w0.0001_m0.9_nf_a75_b0.8,4,92,0.010965884117782116,99.82,1.3820186896324158,72.9375
stl10,resnet34,sigx_l0.1_e100_w0.0001_m0.9_nf_a75_b0.8,5,93,0.008755873657763005,99.9,1.4219900603294373,72.675
