DATA,MODEL,OPTIM,EXECUTION,EPOCH,TRAIN LOSS,TRAIN ACC1,VALID LOSS,VALID ACC1
stl10,resnet34,sigz_l0.1_e100_w0.0001_m0.9_nf_a45_b0.7,1,97,0.00941678267121315,99.76,1.3985525031089783,73.78750000000001
