DATA,MODEL,OPTIM,EXECUTION,EPOCH,TRAIN LOSS,TRAIN ACC1,VALID LOSS,VALID ACC1
agnews,rcnn,adagrad_l0.1_e20_w0.0001_d0_a0,1,15,0.30528204399735276,89.96583333333334,0.3512782383719937,87.77631578947368
