DATA,MODEL,OPTIM,EXECUTION,EPOCH,TRAIN LOSS,TRAIN ACC1,VALID LOSS,VALID ACC1
stl10,resnet34,sigx_l0.1_e100_w0.0001_m0.9_nt_a60_b0.7,1,98,0.008144080305099487,99.8,1.463223946094513,73.725
stl10,resnet34,sigx_l0.1_e100_w0.0001_m0.9_nt_a60_b0.7,2,73,0.010334854497015477,99.7,1.5642586026191712,72.275
stl10,resnet34,sigx_l0.1_e100_w0.0001_m0.9_nt_a60_b0.7,3,96,0.008824947699904441,99.8,1.3573986740112305,73.5875
stl10,resnet34,sigx_l0.1_e100_w0.0001_m0.9_nt_a60_b0.7,4,97,0.008951600106060505,99.78,1.438710418701172,72.78750000000001
stl10,resnet34,sigx_l0.1_e100_w0.0001_m0.9_nt_a60_b0.7,5,93,0.00910690633058548,99.82,1.4970937428474427,72.5375
