DATA,MODEL,OPTIM,EXECUTION,EPOCH,TRAIN LOSS,TRAIN ACC1,VALID LOSS,VALID ACC1
agnews,textrnn,taso_l0.1_e20_w0.0001_m0.9_nt_a25_b0.7_l4,1,20,0.14906391660656934,94.71083333333333,0.22378030444425484,92.63157894736842
