DATA,MODEL,OPTIM,EXECUTION,EPOCH,TRAIN LOSS,TRAIN ACC1,VALID LOSS,VALID ACC1
agnews,rcnn,taso_l0.01_e20_w0_m0.9_nt_a25_b0.7,1,18,0.2869437521847075,90.75166666666667,0.2718436908041051,90.90789473684211
