DATA,MODEL,OPTIM,EXECUTION,EPOCH,TRAIN LOSS,TRAIN ACC1,VALID LOSS,VALID ACC1
agnews,textrnn,taso_l0.1_e20_w0.0001_m0.9_nf_a55_b0.8,1,20,0.17822911320985627,93.80083333333333,0.22933978172251027,92.22368421052632
