DATA,MODEL,OPTIM,EXECUTION,EPOCH,TRAIN LOSS,TRAIN ACC1,VALID LOSS,VALID ACC1
agnews,rcnn,sgd_l0.1_e20_w0.0001_m0.9_nt,1,10,2.313897032745731,69.68166666666666,2.7429030443669804,58.026315789473685
