DATA,MODEL,OPTIM,EXECUTION,EPOCH,TRAIN LOSS,TRAIN ACC1,VALID LOSS,VALID ACC1
agnews,textrnn,taso_l0.1_e20_w0.0001_m0.9_nf_a15_b0.7,1,20,0.156520712482677,94.52583333333334,0.23170464268995158,92.1842105263158
