DATA,MODEL,OPTIM,EXECUTION,EPOCH,TRAIN LOSS,TRAIN ACC1,VALID LOSS,VALID ACC1
agnews,s2satt,taso_l0.05_e20_w0.0001_m0.9_nf_a25_b0.7,1,18,0.1731800351925304,93.98833333333333,0.2426703141681842,91.93421052631578
