DATA,MODEL,OPTIM,EXECUTION,EPOCH,TRAIN LOSS,TRAIN ACC1,VALID LOSS,VALID ACC1
stl10,resnet34,sigx_l0.1_e100_w0.0001_m0.9_nt_a15_b0.9,1,95,0.006942240396887064,99.86,1.5503359546661377,72.98750000000001
stl10,resnet34,sigx_l0.1_e100_w0.0001_m0.9_nt_a15_b0.9,2,94,0.007696491472423077,99.82,1.595142319202423,73.32499999999999
stl10,resnet34,sigx_l0.1_e100_w0.0001_m0.9_nt_a15_b0.9,3,100,0.0044883675802499055,99.94,1.5326701893806458,73.08749999999999
stl10,resnet34,sigx_l0.1_e100_w0.0001_m0.9_nt_a15_b0.9,4,95,0.005731742202863098,99.92,1.568294020652771,73.35000000000001
stl10,resnet34,sigx_l0.1_e100_w0.0001_m0.9_nt_a15_b0.9,5,96,0.005949561861157417,99.86,1.5797100238800048,73.32499999999999
