DATA,MODEL,OPTIM,EXECUTION,EPOCH,TRAIN LOSS,TRAIN ACC1,VALID LOSS,VALID ACC1
agnews,rcnn,sgd_l0.005_e20_w0.0001_m0.9_nt,1,18,0.32754736204243695,89.0425,0.288928821385574,90.10526315789474
