DATA,MODEL,OPTIM,EXECUTION,EPOCH,TRAIN LOSS,TRAIN ACC1,VALID LOSS,VALID ACC1
cifar10,resnet34,rmsprop_l0.01_e100_w0_m0.9_ct_a0.99,1,96,0.08666308418601751,97.176,0.4534584293842316,90.29
cifar10,resnet34,rmsprop_l0.01_e100_w0_m0.9_ct_a0.99,2,94,0.1022109950619936,96.72800000000001,0.46965178580302747,90.24
cifar10,resnet34,rmsprop_l0.01_e100_w0_m0.9_ct_a0.99,3,77,0.10917433472022414,96.49,0.49511426301002504,90.47
cifar10,resnet34,rmsprop_l0.01_e100_w0_m0.9_ct_a0.99,5,96,0.08431761162549258,97.27,0.4998141350269318,90.14
