DATA,MODEL,OPTIM,EXECUTION,EPOCH,TRAIN LOSS,TRAIN ACC1,VALID LOSS,VALID ACC1
stl10,resnet34,sigx_l0.1_e100_w0.0001_m0.9_nf_a75_b0.7,1,94,0.00987415950745344,99.88,1.4080847318172456,73.375
stl10,resnet34,sigx_l0.1_e100_w0.0001_m0.9_nf_a75_b0.7,2,97,0.012904028424620628,99.8,1.3733692140579223,72.8375
stl10,resnet34,sigx_l0.1_e100_w0.0001_m0.9_nf_a75_b0.7,3,73,0.016497487999498843,99.68,1.3857623896598816,73.08749999999999
stl10,resnet34,sigx_l0.1_e100_w0.0001_m0.9_nf_a75_b0.7,4,98,0.012080670872330666,99.74,1.4261027045249939,72.2625
stl10,resnet34,sigx_l0.1_e100_w0.0001_m0.9_nf_a75_b0.7,5,77,0.010349474489688874,99.88,1.4502419090270997,72.66250000000001
