DATA,MODEL,OPTIM,EXECUTION,EPOCH,TRAIN LOSS,TRAIN ACC1,VALID LOSS,VALID ACC1
stl10,resnet34,sigk_l0.1_e100_w0.0001_m0.9_nf_a20_b0.9,1,100,0.004004655653610825,99.94,1.4119065766334533,74.6
stl10,resnet34,sigk_l0.1_e100_w0.0001_m0.9_nf_a20_b0.9,2,100,0.0037784504175186156,99.98,1.5823158712387084,73.4875
stl10,resnet34,sigk_l0.1_e100_w0.0001_m0.9_nf_a20_b0.9,3,94,0.006290390669554472,99.86,1.4990255074501038,72.875
stl10,resnet34,sigk_l0.1_e100_w0.0001_m0.9_nf_a20_b0.9,4,95,0.005173919491097331,99.92,1.5159861221313478,73.15
stl10,resnet34,sigk_l0.1_e100_w0.0001_m0.9_nf_a20_b0.9,5,99,0.0053988554127514365,99.86,1.582080864429474,72.9375
