DATA,MODEL,OPTIM,EXECUTION,EPOCH,TRAIN LOSS,TRAIN ACC1,VALID LOSS,VALID ACC1
agnews,rcnn,cos_l1_e20_w0.0001_m0.9_nt,1,20,0.5637832110226892,80.06583333333333,0.39973431298374884,86.69736842105263
