DATA,MODEL,OPTIM,EXECUTION,EPOCH,TRAIN LOSS,TRAIN ACC1,VALID LOSS,VALID ACC1
agnews,rcnn,adagrad_l0.5_e20_w0_d0_a0,1,20,0.6619966897728974,75.10666666666667,0.7165575009160295,64.23684210526316
