DATA,MODEL,OPTIM,EXECUTION,EPOCH,TRAIN LOSS,TRAIN ACC1,VALID LOSS,VALID ACC1
yelprf,textrnn,taso_l0.05_e20_w0.0001_m0.9_nf_a25_b0.7_l4,1,20,0.7873501983379448,64.51184615384615,0.79995985924227,63.86000000000001
