DATA,MODEL,OPTIM,EXECUTION,EPOCH,TRAIN LOSS,TRAIN ACC1,VALID LOSS,VALID ACC1
stl10,resnet34,sigz_l0.1_e100_w0.0001_m0.9_nt_a20_b0.9,1,95,0.0051079929664731025,99.96000000000001,1.4858702161312103,74.35000000000001
