DATA,MODEL,OPTIM,EXECUTION,EPOCH,TRAIN LOSS,TRAIN ACC1,VALID LOSS,VALID ACC1
agnews,rcnn,cos_l0.1_e20_w0.0001_m0.9_nf,1,20,0.4029487866379702,86.61333333333333,0.3023742924148925,89.96052631578948
