DATA,MODEL,OPTIM,EXECUTION,EPOCH,TRAIN LOSS,TRAIN ACC1,VALID LOSS,VALID ACC1
stl10,resnet34,sigk_l0.1_e100_w0.0001_m0.9_nt_a20_b0.9,1,95,0.0051079929664731025,99.96000000000001,1.4858702161312103,74.35000000000001
stl10,resnet34,sigk_l0.1_e100_w0.0001_m0.9_nt_a20_b0.9,2,91,0.007875410760566592,99.88,1.5706000118255614,72.5
stl10,resnet34,sigk_l0.1_e100_w0.0001_m0.9_nt_a20_b0.9,3,96,0.004965386639907956,99.88,1.4890037474632263,74.21249999999999
stl10,resnet34,sigk_l0.1_e100_w0.0001_m0.9_nt_a20_b0.9,4,98,0.005857027308642865,99.92,1.5137550892829894,73.375
stl10,resnet34,sigk_l0.1_e100_w0.0001_m0.9_nt_a20_b0.9,5,100,0.002972927787154913,99.98,1.5825819096565246,73.3875
