DATA,MODEL,OPTIM,EXECUTION,EPOCH,TRAIN LOSS,TRAIN ACC1,VALID LOSS,VALID ACC1
agnews,rcnn,sgd_l0.01_e20_w0_m0.9_nf,1,14,0.3148696232412448,89.58666666666667,0.29527223417781107,89.94736842105263
