DATA,MODEL,OPTIM,EXECUTION,EPOCH,TRAIN LOSS,TRAIN ACC1,VALID LOSS,VALID ACC1
stl10,resnet34,sigx_l0.1_e100_w0.0001_m0.9_nf_a10_b0.7,1,92,0.005543664408102632,99.9,1.5821472635269165,72.64999999999999
stl10,resnet34,sigx_l0.1_e100_w0.0001_m0.9_nf_a10_b0.7,2,96,0.003484269743785262,99.96000000000001,1.633581904888153,72.6125
stl10,resnet34,sigx_l0.1_e100_w0.0001_m0.9_nf_a10_b0.7,3,96,0.0042905048925429585,99.83999999999999,1.6119199090003968,72.39999999999999
stl10,resnet34,sigx_l0.1_e100_w0.0001_m0.9_nf_a10_b0.7,4,82,0.007625050313770771,99.83999999999999,1.593671549320221,72.98750000000001
stl10,resnet34,sigx_l0.1_e100_w0.0001_m0.9_nf_a10_b0.7,5,76,0.015834458777308463,99.64,1.5584859614372253,72.375
