DATA,MODEL,OPTIM,EXECUTION,EPOCH,TRAIN LOSS,TRAIN ACC1,VALID LOSS,VALID ACC1
agnews,rcnn,sgd_l0.05_e20_w0.0001_m0.9_nf,1,16,0.26770243600819654,91.39500000000001,0.3755589226871993,86.1578947368421
