DATA,MODEL,OPTIM,EXECUTION,EPOCH,TRAIN LOSS,TRAIN ACC1,VALID LOSS,VALID ACC1
agnews,textrnn,taso_l0.1_e20_w0.0001_m0.9_nf_a65_b0.8,1,19,0.18125274041872255,93.64916666666667,0.2305681961329735,92.19736842105263
