DATA,MODEL,OPTIM,EXECUTION,EPOCH,TRAIN LOSS,TRAIN ACC1,VALID LOSS,VALID ACC1
agnews,rcnn,rmsprop_l0.001_e20_w0.0001_m0.9_cf_a0.99,1,10,0.5453507473486743,80.92666666666666,0.5895454420048225,79.9078947368421
