DATA,MODEL,OPTIM,EXECUTION,EPOCH,TRAIN LOSS,TRAIN ACC1,VALID LOSS,VALID ACC1
stl10,resnet34,sigx_l0.1_e100_w0.0001_m0.9_nf_a70_b0.9,1,96,0.007744141729921102,99.83999999999999,1.3614980235099792,74.675
stl10,resnet34,sigx_l0.1_e100_w0.0001_m0.9_nf_a70_b0.9,2,97,0.006702279753237963,99.9,1.48671936750412,73.25
stl10,resnet34,sigx_l0.1_e100_w0.0001_m0.9_nf_a70_b0.9,3,95,0.0065750269010663035,99.96000000000001,1.407656237602234,73.0375
stl10,resnet34,sigx_l0.1_e100_w0.0001_m0.9_nf_a70_b0.9,4,95,0.007779620610177517,99.88,1.3656827073097229,73.6125
stl10,resnet34,sigx_l0.1_e100_w0.0001_m0.9_nf_a70_b0.9,5,94,0.007120953731238842,99.86,1.4884884715080262,73.2875
