DATA,MODEL,OPTIM,EXECUTION,EPOCH,TRAIN LOSS,TRAIN ACC1,VALID LOSS,VALID ACC1
cifar10,resnet50,sgd_l0.001_e100_w0_m0.9_nf,1,94,0.3258177564048767,88.44999999999999,0.5449315309524536,83.56
