DATA,MODEL,OPTIM,EXECUTION,EPOCH,TRAIN LOSS,TRAIN ACC1,VALID LOSS,VALID ACC1
agnews,textrnn,taso_l0.1_e20_w0.0001_m0.9_nf_a60_b0.8,1,20,0.17834042120611424,93.78333333333333,0.22757889753956212,92.28947368421052
