DATA,MODEL,OPTIM,EXECUTION,EPOCH,TRAIN LOSS,TRAIN ACC1,VALID LOSS,VALID ACC1
agnews,textrnn,taso_l0.1_e20_w0.0001_m0.9_nf_a20_b0.7,1,20,0.16353043345142923,94.18666666666667,0.23054525606076018,92.32894736842105
