DATA,MODEL,OPTIM,EXECUTION,EPOCH,TRAIN LOSS,TRAIN ACC1,VALID LOSS,VALID ACC1
stl10,resnet34,taso_l0.1_e100_w0.0001_m0.9_nt_a15_b0.6,1,79,0.0059713893696665766,99.92,1.6148119521141053,73.35000000000001
