DATA,MODEL,OPTIM,EXECUTION,EPOCH,TRAIN LOSS,TRAIN ACC1,VALID LOSS,VALID ACC1
agnews,s2satt,adagrad_l0.01_e1_w0_d0_a0,1,1,0.38464930089748645,88.02916666666667,0.3032811984261538,89.77631578947368
