DATA,MODEL,OPTIM,EXECUTION,EPOCH,TRAIN LOSS,TRAIN ACC1,VALID LOSS,VALID ACC1
stl10,resnet34,taso_l0.1_e100_w0.0001_m0.9_nt_a10_b0.5,1,82,0.005100687382370233,99.96000000000001,1.681654936313629,72.22500000000001
