DATA,MODEL,OPTIM,EXECUTION,EPOCH,TRAIN LOSS,TRAIN ACC1,VALID LOSS,VALID ACC1
yahooa,s2satt,rmsprop_l0.001_e20_w0_m0_cf_a0.99,1,13,0.6910590215759798,73.91864285714286,0.6945016330021566,72.78166666666667
