DATA,MODEL,OPTIM,EXECUTION,EPOCH,TRAIN LOSS,TRAIN ACC1,VALID LOSS,VALID ACC1
agnews,rcnn,rmsprop_l0.01_e20_w0_m0_ct_a0.99,1,6,0.5199928684145634,82.19916666666667,0.5720957891480154,79.30263157894737
