DATA,MODEL,OPTIM,EXECUTION,EPOCH,TRAIN LOSS,TRAIN ACC1,VALID LOSS,VALID ACC1
agnews,rcnn,rmsprop_l0.001_e20_w0.0001_m0_cf_a0.99,1,20,0.21760029483913845,93.39916666666667,0.3035835765152053,90.67105263157896
