DATA,MODEL,OPTIM,EXECUTION,EPOCH,TRAIN LOSS,TRAIN ACC1,VALID LOSS,VALID ACC1
agnews,rcnn,adagrad_l0.005_e10_w0.0001_d0_a0,1,10,0.27378522391757526,91.23333333333333,0.3314799352338782,87.57894736842105
