DATA,MODEL,OPTIM,EXECUTION,EPOCH,TRAIN LOSS,TRAIN ACC1,VALID LOSS,VALID ACC1
stl10,resnet34,sigx_l0.1_e100_w0.0001_m0.9_nt_a35_b0.8,1,96,0.004499480663239956,99.94,1.4477279534339904,74.1125
stl10,resnet34,sigx_l0.1_e100_w0.0001_m0.9_nt_a35_b0.8,2,86,0.007780967465043068,99.88,1.5714821314811707,72.175
stl10,resnet34,sigx_l0.1_e100_w0.0001_m0.9_nt_a35_b0.8,3,86,0.007235217905789614,99.86,1.4328660235404969,74.4375
stl10,resnet34,sigx_l0.1_e100_w0.0001_m0.9_nt_a35_b0.8,4,97,0.006371016021072864,99.86,1.460074182510376,73.0375
stl10,resnet34,sigx_l0.1_e100_w0.0001_m0.9_nt_a35_b0.8,5,95,0.004652206975966692,99.96000000000001,1.465555962085724,72.98750000000001
