DATA,MODEL,OPTIM,EXECUTION,EPOCH,TRAIN LOSS,TRAIN ACC1,VALID LOSS,VALID ACC1
stl10,resnet34,sigx_l0.1_e100_w0.0001_m0.9_nt_a5_b0.8,1,95,0.004353842100873589,99.92,1.5750128517150879,73.6375
stl10,resnet34,sigx_l0.1_e100_w0.0001_m0.9_nt_a5_b0.8,2,96,0.0040714648090302945,99.96000000000001,1.642406928062439,72.41250000000001
stl10,resnet34,sigx_l0.1_e100_w0.0001_m0.9_nt_a5_b0.8,3,95,0.0052286085896193985,99.88,1.6321535696983338,72.7125
stl10,resnet34,sigx_l0.1_e100_w0.0001_m0.9_nt_a5_b0.8,4,99,0.010527252734452486,99.7,1.5912259202003478,72.52499999999999
stl10,resnet34,sigx_l0.1_e100_w0.0001_m0.9_nt_a5_b0.8,5,95,0.014703608074598015,99.6,1.6544120035171508,72.5875
