DATA,MODEL,OPTIM,EXECUTION,EPOCH,TRAIN LOSS,TRAIN ACC1,VALID LOSS,VALID ACC1
cifar10,resnet50,sigw_l0.1_e100_w0.0001_m0.9_nf_a45_b0.8,1,100,0.007207536912169308,99.824,0.19816112679443904,95.19999999999999
