DATA,MODEL,OPTIM,EXECUTION,EPOCH,TRAIN LOSS,TRAIN ACC1,VALID LOSS,VALID ACC1
stl10,resnet34,sigx_l0.1_e100_w0.0001_m0.9_nt_a25_b0.8,1,96,0.002579557425901294,99.98,1.4987691702842711,74.2375
stl10,resnet34,sigx_l0.1_e100_w0.0001_m0.9_nt_a25_b0.8,2,100,0.0035127060282975435,99.98,1.5800695910453797,72.7
stl10,resnet34,sigx_l0.1_e100_w0.0001_m0.9_nt_a25_b0.8,3,95,0.0036011130005121233,99.94,1.5111539769172668,73.6625
stl10,resnet34,sigx_l0.1_e100_w0.0001_m0.9_nt_a25_b0.8,4,97,0.004623143359646201,99.98,1.5382880272865296,73.1
stl10,resnet34,sigx_l0.1_e100_w0.0001_m0.9_nt_a25_b0.8,5,97,0.0044863840404897925,99.92,1.571554175376892,73.175
