DATA,MODEL,OPTIM,EXECUTION,EPOCH,TRAIN LOSS,TRAIN ACC1,VALID LOSS,VALID ACC1
cifar10,resnet50,adam_l0.0005_e100_w0_at_bf0.9_bs0.99,1,96,0.008859976550408174,99.724,0.41640945355892184,92.95
cifar10,resnet50,adam_l0.0005_e100_w0_at_bf0.9_bs0.99,2,81,0.014478267660886049,99.49,0.4107556904315948,93.02
cifar10,resnet50,adam_l0.0005_e100_w0_at_bf0.9_bs0.99,3,92,0.00788946107052965,99.736,0.4139255916118622,92.75999999999999
cifar10,resnet50,adam_l0.0005_e100_w0_at_bf0.9_bs0.99,4,98,0.006996829813073855,99.768,0.427700705607608,92.94
cifar10,resnet50,adam_l0.0005_e100_w0_at_bf0.9_bs0.99,5,73,0.01600025553248823,99.44,0.37655154650993644,93.01
