DATA,MODEL,OPTIM,EXECUTION,EPOCH,TRAIN LOSS,TRAIN ACC1,VALID LOSS,VALID ACC1
agnews,rcnn,sgd_l0.1_e20_w0.0001_m0.9_nf,1,1,2.950901213162912,62.486666666666665,1.5518893046979256,71.63157894736842
