DATA,MODEL,OPTIM,EXECUTION,EPOCH,TRAIN LOSS,TRAIN ACC1,VALID LOSS,VALID ACC1
agnews,rcnn,taso_l0.1_e10_w0.0001_m0.9_nt_a25_b0.7,1,10,0.4942048549241221,83.04333333333334,0.36327697446767976,87.98684210526315
