DATA,MODEL,OPTIM,EXECUTION,EPOCH,TRAIN LOSS,TRAIN ACC1,VALID LOSS,VALID ACC1
agnews,textrnn,taso_l0.1_e20_w0.0001_m0.9_nf_a45_b0.7,1,17,0.17637063448917578,93.88583333333334,0.23608418865257905,92.13157894736842
