DATA,MODEL,OPTIM,EXECUTION,EPOCH,TRAIN LOSS,TRAIN ACC1,VALID LOSS,VALID ACC1
agnews,s2satt,adam_l0.001_e20_w0.0001_af_bf0.9_bs0.99_l2,1,15,0.14616894757344698,94.9125,0.3326372802794229,89.27631578947368
