DATA,MODEL,OPTIM,EXECUTION,EPOCH,TRAIN LOSS,TRAIN ACC1,VALID LOSS,VALID ACC1
stl10,resnet34,sigx_l0.1_e100_w0.0001_m0.9_nt_a75_b0.8,1,88,0.007652685461938381,99.92,1.3927925658226012,74.1125
stl10,resnet34,sigx_l0.1_e100_w0.0001_m0.9_nt_a75_b0.8,2,97,0.010600692956149578,99.76,1.4970492191314697,71.875
stl10,resnet34,sigx_l0.1_e100_w0.0001_m0.9_nt_a75_b0.8,3,98,0.009553749690949917,99.78,1.369413908481598,73.825
stl10,resnet34,sigx_l0.1_e100_w0.0001_m0.9_nt_a75_b0.8,4,96,0.0071356565043330196,99.92,1.4038377900123595,73.1625
stl10,resnet34,sigx_l0.1_e100_w0.0001_m0.9_nt_a75_b0.8,5,95,0.010729764866828919,99.8,1.3985362348556518,73.85
