DATA,MODEL,OPTIM,EXECUTION,EPOCH,TRAIN LOSS,TRAIN ACC1,VALID LOSS,VALID ACC1
stl10,resnet34,sigk_l0.1_e100_w0.0001_m0.9_nf_a30_b0.7,1,76,0.009154419948905706,99.76,1.411809962272644,74.4875
stl10,resnet34,sigk_l0.1_e100_w0.0001_m0.9_nf_a30_b0.7,2,93,0.00507668783441186,99.94,1.5526765427589417,72.75
stl10,resnet34,sigk_l0.1_e100_w0.0001_m0.9_nf_a30_b0.7,3,87,0.007656764708459377,99.88,1.500998467206955,72.98750000000001
stl10,resnet34,sigk_l0.1_e100_w0.0001_m0.9_nf_a30_b0.7,4,93,0.005335435406118631,99.9,1.485702013015747,73.46249999999999
stl10,resnet34,sigk_l0.1_e100_w0.0001_m0.9_nf_a30_b0.7,5,92,0.004581111593171954,99.96000000000001,1.5559244189262391,72.98750000000001
