DATA,MODEL,OPTIM,EXECUTION,EPOCH,TRAIN LOSS,TRAIN ACC1,VALID LOSS,VALID ACC1
stl10,resnet34,sigk_l0.1_e100_w0.0001_m0.9_nt_a40_b0.7,1,92,0.00801323835104704,99.88,1.4320302348136902,73.875
stl10,resnet34,sigk_l0.1_e100_w0.0001_m0.9_nt_a40_b0.7,2,92,0.00616711893081665,99.86,1.5894786415100097,72.2375
stl10,resnet34,sigk_l0.1_e100_w0.0001_m0.9_nt_a40_b0.7,3,93,0.0057524530619382855,99.94,1.4389938054084779,73.3875
stl10,resnet34,sigk_l0.1_e100_w0.0001_m0.9_nt_a40_b0.7,4,87,0.008728064472973347,99.9,1.4249192609786987,73.6
stl10,resnet34,sigk_l0.1_e100_w0.0001_m0.9_nt_a40_b0.7,5,92,0.008401802594959736,99.88,1.478137963294983,73.08749999999999
