DATA,MODEL,OPTIM,EXECUTION,EPOCH,TRAIN LOSS,TRAIN ACC1,VALID LOSS,VALID ACC1
agnews,rcnn,adam_l0.0001_e20_w0_af_bf0.9_bs0.99,1,18,0.19296513872289384,93.84166666666667,0.2846186592791273,90.27631578947368
