DATA,MODEL,OPTIM,EXECUTION,EPOCH,TRAIN LOSS,TRAIN ACC1,VALID LOSS,VALID ACC1
agnews,rcnn,adam_l0.001_e20_w0.0001_af_bf0.9_bs0.99,1,19,0.21824159600265652,93.26166666666667,0.27812917096215595,90.34210526315789
