DATA,MODEL,OPTIM,EXECUTION,EPOCH,TRAIN LOSS,TRAIN ACC1,VALID LOSS,VALID ACC1
agnews,rcnn,rmsprop_l0.0005_e20_w0.0001_m0_ct_a0.99,1,16,0.19246811028450747,93.93083333333333,0.28864206024370803,89.77631578947368
