DATA,MODEL,OPTIM,EXECUTION,EPOCH,TRAIN LOSS,TRAIN ACC1,VALID LOSS,VALID ACC1
cifar10,densenetbc100,rmsprop_l0.0005_e100_w0_m0_ct_a0.99,1,91,0.03929182505583391,98.612,0.47917752804756164,90.4
cifar10,densenetbc100,rmsprop_l0.0005_e100_w0_m0_ct_a0.99,2,99,0.04187085247904062,98.48400000000001,0.4903545143842697,90.11
cifar10,densenetbc100,rmsprop_l0.0005_e100_w0_m0_ct_a0.99,3,99,0.04089747793834656,98.65,0.4987580078125,90.14
cifar10,densenetbc100,rmsprop_l0.0005_e100_w0_m0_ct_a0.99,4,97,0.04007266662806273,98.592,0.5263591270804405,89.61
cifar10,densenetbc100,rmsprop_l0.0005_e100_w0_m0_ct_a0.99,5,100,0.039997603081986306,98.616,0.492352431242913,90.42999999999999
