DATA,MODEL,OPTIM,EXECUTION,EPOCH,TRAIN LOSS,TRAIN ACC1,VALID LOSS,VALID ACC1
stl10,resnet34,taso_l0.1_e100_w0.0001_m0.9_nt_a80_b0.6,1,93,0.015662372425198554,99.76,1.3698137974739075,72.98750000000001
