DATA,MODEL,OPTIM,EXECUTION,EPOCH,TRAIN LOSS,TRAIN ACC1,VALID LOSS,VALID ACC1
agnews,rcnn,sgd_l0.05_e20_w0.0001_m0.9_nt,1,20,0.25329780548118236,91.985,0.4403389158904274,84.65789473684211
