DATA,MODEL,OPTIM,EXECUTION,EPOCH,TRAIN LOSS,TRAIN ACC1,VALID LOSS,VALID ACC1
agnews,rcnn,adam_l0.001_e20_w0.0001_at_bf0.9_bs0.99,1,18,0.1803563736751743,94.43583333333333,0.2897297386930392,90.67105263157896
