DATA,MODEL,OPTIM,EXECUTION,EPOCH,TRAIN LOSS,TRAIN ACC1,VALID LOSS,VALID ACC1
yahooa,s2satt,htd_l0.05_e20_w0_m0.9_nt_l-6_u3,1,20,0.6744636389758517,74.84678571428572,0.6833470551663751,73.31333333333335
