DATA,MODEL,OPTIM,EXECUTION,EPOCH,TRAIN LOSS,TRAIN ACC1,VALID LOSS,VALID ACC1
stl10,resnet34,sigx_l0.1_e100_w0.0001_m0.9_nf_a75_b0.9,1,96,0.008230236603319644,99.78,1.3542324748039245,74.4125
stl10,resnet34,sigx_l0.1_e100_w0.0001_m0.9_nf_a75_b0.9,2,96,0.008048711562156677,99.86,1.4107159752845764,73.0
stl10,resnet34,sigx_l0.1_e100_w0.0001_m0.9_nf_a75_b0.9,3,95,0.007592492309212684,99.86,1.4284583668708801,73.32499999999999
stl10,resnet34,sigx_l0.1_e100_w0.0001_m0.9_nf_a75_b0.9,4,100,0.009832816849648953,99.83999999999999,1.3648885674476623,73.06250000000001
stl10,resnet34,sigx_l0.1_e100_w0.0001_m0.9_nf_a75_b0.9,5,96,0.007124079501628876,99.83999999999999,1.445190402507782,73.08749999999999
