DATA,MODEL,OPTIM,EXECUTION,EPOCH,TRAIN LOSS,TRAIN ACC1,VALID LOSS,VALID ACC1
agnews,rcnn,adagrad_l0.1_e20_w0.0001_d0_a0,1,17,0.22994165581756681,92.64833333333333,0.3105328431590314,88.60526315789474
