DATA,MODEL,OPTIM,EXECUTION,EPOCH,TRAIN LOSS,TRAIN ACC1,VALID LOSS,VALID ACC1
agnews,rcnn,sgd_l0.001_e20_w0.0001_m0.9_nf,1,20,0.36403888363814224,87.70083333333334,0.3122611605512136,89.05263157894737
