DATA,MODEL,OPTIM,EXECUTION,EPOCH,TRAIN LOSS,TRAIN ACC1,VALID LOSS,VALID ACC1
agnews,rcnn,adam_l0.0005_e20_w0_at_bf0.9_bs0.99,1,18,0.14014316647238453,95.82333333333334,0.2850082641065659,91.59210526315789
