DATA,MODEL,OPTIM,EXECUTION,EPOCH,TRAIN LOSS,TRAIN ACC1,VALID LOSS,VALID ACC1
agnews,rcnn,taso_l0.5_e20_w0.0001_m0.9_nt_a25_b0.7,1,20,0.7722193909269194,68.92166666666665,0.7473761372599643,65.61842105263158
