DATA,MODEL,OPTIM,EXECUTION,EPOCH,TRAIN LOSS,TRAIN ACC1,VALID LOSS,VALID ACC1
stl10,resnet34,sigx_l0.1_e100_w0.0001_m0.9_nt_a45_b0.9,1,95,0.004051960510760546,99.96000000000001,1.440030126094818,74.2875
stl10,resnet34,sigx_l0.1_e100_w0.0001_m0.9_nt_a45_b0.9,2,98,0.004147446031495929,99.94,1.591590962409973,72.8375
stl10,resnet34,sigx_l0.1_e100_w0.0001_m0.9_nt_a45_b0.9,3,96,0.004128669118136167,99.96000000000001,1.4012566375732423,74.1625
stl10,resnet34,sigx_l0.1_e100_w0.0001_m0.9_nt_a45_b0.9,4,98,0.0042291058443486695,99.96000000000001,1.496283907175064,73.6125
stl10,resnet34,sigx_l0.1_e100_w0.0001_m0.9_nt_a45_b0.9,5,95,0.006815652656555176,99.96000000000001,1.4708176951408387,72.91250000000001
