DATA,MODEL,OPTIM,EXECUTION,EPOCH,TRAIN LOSS,TRAIN ACC1,VALID LOSS,VALID ACC1
stl10,resnet34,sigz_l0.1_e100_w0.0001_m0.9_nt_a80_b0.5,1,96,0.022108249849081038,99.66000000000001,1.3629689435958863,73.08749999999999
