DATA,MODEL,OPTIM,EXECUTION,EPOCH,TRAIN LOSS,TRAIN ACC1,VALID LOSS,VALID ACC1
cifar10,resnet34,adagrad_l0.01_e100_w0_d0_a0,1,98,0.008505863699391485,99.726,0.5064533864565194,90.81
cifar10,resnet34,adagrad_l0.01_e100_w0_d0_a0,2,98,0.010677274461509659,99.654,0.5540943524956703,90.25999999999999
