DATA,MODEL,OPTIM,EXECUTION,EPOCH,TRAIN LOSS,TRAIN ACC1,VALID LOSS,VALID ACC1
stl10,resnet34,sigk_l0.05_e100_w0.0001_m0.9_nf_a30_b0.7,1,93,0.009358838348090648,99.8,1.5006594610214234,72.75
stl10,resnet34,sigk_l0.05_e100_w0.0001_m0.9_nf_a30_b0.7,2,81,0.00913583907186985,99.78,1.5564731111526489,72.22500000000001
stl10,resnet34,sigk_l0.05_e100_w0.0001_m0.9_nf_a30_b0.7,3,97,0.007813174253702164,99.9,1.5452657551765443,72.41250000000001
stl10,resnet34,sigk_l0.05_e100_w0.0001_m0.9_nf_a30_b0.7,4,84,0.006815223305672407,99.96000000000001,1.5494975485801696,72.78750000000001
stl10,resnet34,sigk_l0.05_e100_w0.0001_m0.9_nf_a30_b0.7,5,84,0.006363135401159525,99.88,1.5900221118927003,72.22500000000001
