DATA,MODEL,OPTIM,EXECUTION,EPOCH,TRAIN LOSS,TRAIN ACC1,VALID LOSS,VALID ACC1
stl10,resnet34,taso_l0.1_e100_w0.0001_m0.9_nf_a45_b0.7,1,92,0.0072350075021386144,99.96000000000001,1.5057356038093568,72.7
