DATA,MODEL,OPTIM,EXECUTION,EPOCH,TRAIN LOSS,TRAIN ACC1,VALID LOSS,VALID ACC1
stl10,resnet34,sigx_l0.1_e100_w0.0001_m0.9_nf_a10_b0.8,1,96,0.0054666258737444875,99.86,1.591441276550293,73.275
stl10,resnet34,sigx_l0.1_e100_w0.0001_m0.9_nf_a10_b0.8,2,93,0.012896183840185404,99.62,1.6013806281089782,72.675
stl10,resnet34,sigx_l0.1_e100_w0.0001_m0.9_nf_a10_b0.8,3,98,0.0048236547321081165,99.94,1.5439357357025147,73.2125
stl10,resnet34,sigx_l0.1_e100_w0.0001_m0.9_nf_a10_b0.8,4,93,0.005213527042046189,99.94,1.667456524848938,71.4625
stl10,resnet34,sigx_l0.1_e100_w0.0001_m0.9_nf_a10_b0.8,5,99,0.006121593256667257,99.86,1.6189204592704773,73.05
