DATA,MODEL,OPTIM,EXECUTION,EPOCH,TRAIN LOSS,TRAIN ACC1,VALID LOSS,VALID ACC1
stl10,resnet34,sigz_l0.1_e100_w0.0001_m0.9_nt_a80_b0.8,1,95,0.011723295918107033,99.8,1.3697519130706788,73.64999999999999
