DATA,MODEL,OPTIM,EXECUTION,EPOCH,TRAIN LOSS,TRAIN ACC1,VALID LOSS,VALID ACC1
agnews,rcnn,adam_l0.0001_e20_w0.0001_af_bf0.9_bs0.99,1,17,0.2154539932374979,93.00416666666666,0.25728579012247904,90.94736842105263
