DATA,MODEL,OPTIM,EXECUTION,EPOCH,TRAIN LOSS,TRAIN ACC1,VALID LOSS,VALID ACC1
stl10,resnet34,sigk_l0.05_e100_w0.0001_m0.9_nf_a50_b0.9,1,96,0.005244241387397051,99.96000000000001,1.4899063272476196,73.32499999999999
stl10,resnet34,sigk_l0.05_e100_w0.0001_m0.9_nf_a50_b0.9,2,97,0.007010726755112409,99.88,1.5897111630439758,72.725
stl10,resnet34,sigk_l0.05_e100_w0.0001_m0.9_nf_a50_b0.9,3,97,0.006849762048572302,99.92,1.5226543731689453,72.89999999999999
stl10,resnet34,sigk_l0.05_e100_w0.0001_m0.9_nf_a50_b0.9,4,95,0.005261351365596056,99.94,1.4928420281410217,72.6125
stl10,resnet34,sigk_l0.05_e100_w0.0001_m0.9_nf_a50_b0.9,5,95,0.007206681315600872,99.92,1.5451345229148865,71.98750000000001
