DATA,MODEL,OPTIM,EXECUTION,EPOCH,TRAIN LOSS,TRAIN ACC1,VALID LOSS,VALID ACC1
yahooa,rcnn,cos_l0.05_e20_w0.0001_m0.9_nt,1,20,0.7953493731102306,72.12321428571428,0.692134729532935,73.36333333333333
