DATA,MODEL,OPTIM,EXECUTION,EPOCH,TRAIN LOSS,TRAIN ACC1,VALID LOSS,VALID ACC1
agnews,rcnn,rmsprop_l0.01_e20_w0_m0_cf_a0.99,1,11,0.5219486394371621,82.11833333333334,0.6027091748988537,74.76315789473685
