DATA,MODEL,OPTIM,EXECUTION,EPOCH,TRAIN LOSS,TRAIN ACC1,VALID LOSS,VALID ACC1
stl10,resnet34,sigz_l0.1_e100_w0.0001_m0.9_nt_a50_b0.6,1,86,0.008876957911252975,99.83999999999999,1.4310801520347596,73.52499999999999
