DATA,MODEL,OPTIM,EXECUTION,EPOCH,TRAIN LOSS,TRAIN ACC1,VALID LOSS,VALID ACC1
stl10,resnet34,sigx_l0.1_e100_w0.0001_m0.9_nf_a60_b0.9,1,96,0.008548698668181896,99.8,1.3179074306488037,74.52499999999999
stl10,resnet34,sigx_l0.1_e100_w0.0001_m0.9_nf_a60_b0.9,2,95,0.007297745431214571,99.88,1.4398052253723144,73.5625
stl10,resnet34,sigx_l0.1_e100_w0.0001_m0.9_nf_a60_b0.9,3,100,0.0044024949453771115,99.96000000000001,1.4752972202301025,73.875
stl10,resnet34,sigx_l0.1_e100_w0.0001_m0.9_nf_a60_b0.9,4,95,0.005603969537466764,99.92,1.391512212753296,72.7
stl10,resnet34,sigx_l0.1_e100_w0.0001_m0.9_nf_a60_b0.9,5,94,0.007839537696540355,99.8,1.491623860836029,73.2
