DATA,MODEL,OPTIM,EXECUTION,EPOCH,TRAIN LOSS,TRAIN ACC1,VALID LOSS,VALID ACC1
agnews,textrnn,taso_l0.1_e20_w0.0001_m0.9_nf_a75_b0.8,1,19,0.18555431827043634,93.52166666666668,0.23259396063776538,92.35526315789474
