DATA,MODEL,OPTIM,EXECUTION,EPOCH,TRAIN LOSS,TRAIN ACC1,VALID LOSS,VALID ACC1
cifar10,resnet34,adam_l0.001_e100_w0_af_bf0.9_bs0.99,1,73,0.023496849507112057,99.198,0.4166144306898117,92.66
cifar10,resnet34,adam_l0.001_e100_w0_af_bf0.9_bs0.99,2,96,0.016226701023128117,99.44800000000001,0.48529184924960134,92.9
