DATA,MODEL,OPTIM,EXECUTION,EPOCH,TRAIN LOSS,TRAIN ACC1,VALID LOSS,VALID ACC1
stl10,resnet34,sigk_l0.05_e100_w0.0001_m0.9_nf_a40_b0.8,1,100,0.006861977774649858,99.86,1.4834544324874879,73.25
stl10,resnet34,sigk_l0.05_e100_w0.0001_m0.9_nf_a40_b0.8,2,96,0.00638079011887312,99.88,1.5525054774284364,72.975
stl10,resnet34,sigk_l0.05_e100_w0.0001_m0.9_nf_a40_b0.8,3,94,0.004848560016602278,99.96000000000001,1.4844151487350463,73.5125
stl10,resnet34,sigk_l0.05_e100_w0.0001_m0.9_nf_a40_b0.8,4,89,0.005920674505829811,99.98,1.5547701249122619,72.2
stl10,resnet34,sigk_l0.05_e100_w0.0001_m0.9_nf_a40_b0.8,5,84,0.006387131826579571,99.96000000000001,1.5605274062156678,72.3875
