DATA,MODEL,OPTIM,EXECUTION,EPOCH,TRAIN LOSS,TRAIN ACC1,VALID LOSS,VALID ACC1
stl10,resnet34,sigk_l0.1_e100_w0.0001_m0.9_nf_a20_b0.7,1,82,0.008452343552559614,99.82,1.547616912841797,72.89999999999999
stl10,resnet34,sigk_l0.1_e100_w0.0001_m0.9_nf_a20_b0.7,2,86,0.004631021218746901,99.94,1.5629352836608887,72.86250000000001
stl10,resnet34,sigk_l0.1_e100_w0.0001_m0.9_nf_a20_b0.7,3,97,0.005355658593773842,99.96000000000001,1.56587540268898,72.175
stl10,resnet34,sigk_l0.1_e100_w0.0001_m0.9_nf_a20_b0.7,4,89,0.006136711824685335,99.9,1.5527261271476747,72.4375
stl10,resnet34,sigk_l0.1_e100_w0.0001_m0.9_nf_a20_b0.7,5,98,0.004013098777830601,100.0,1.555142189025879,73.6875
