DATA,MODEL,OPTIM,EXECUTION,EPOCH,TRAIN LOSS,TRAIN ACC1,VALID LOSS,VALID ACC1
stl10,resnet34,taso_l0.1_e100_w0.0001_m0.9_nf_a55_b0.6,1,88,0.018042434793710708,99.72,1.4203149662017822,72.44999999999999
