DATA,MODEL,OPTIM,EXECUTION,EPOCH,TRAIN LOSS,TRAIN ACC1,VALID LOSS,VALID ACC1
agnews,rcnn,sgd_l0.01_e20_w0_m0.9_nf,1,12,0.32594991243962695,89.20833333333333,0.29544499062837926,90.22368421052632
