DATA,MODEL,OPTIM,EXECUTION,EPOCH,TRAIN LOSS,TRAIN ACC1,VALID LOSS,VALID ACC1
agnews,textrnn,taso_l0.1_e20_w0.0001_m0.9_nf_a50_b0.8,1,20,0.17599779440118624,93.83583333333333,0.22842521783083047,92.19736842105263
