DATA,MODEL,OPTIM,EXECUTION,EPOCH,TRAIN LOSS,TRAIN ACC1,VALID LOSS,VALID ACC1
stl10,resnet34,rmsprop_l0.01_e100_w0_m0_ct_a0.99,1,90,0.06782876200824976,97.89999999999999,2.0848716583251954,68.4375
