DATA,MODEL,OPTIM,EXECUTION,EPOCH,TRAIN LOSS,TRAIN ACC1,VALID LOSS,VALID ACC1
stl10,resnet34,sigx_l0.1_e100_w0.0001_m0.9_nt_a60_b0.9,1,97,0.00518958456069231,99.92,1.475893382549286,73.5625
stl10,resnet34,sigx_l0.1_e100_w0.0001_m0.9_nt_a60_b0.9,2,95,0.004486400511115789,99.98,1.5965343747138978,72.5125
stl10,resnet34,sigx_l0.1_e100_w0.0001_m0.9_nt_a60_b0.9,3,97,0.006444463767856359,99.88,1.4669669995307921,74.0625
stl10,resnet34,sigx_l0.1_e100_w0.0001_m0.9_nt_a60_b0.9,4,95,0.006052171698957682,99.92,1.4447255392074585,73.0125
stl10,resnet34,sigx_l0.1_e100_w0.0001_m0.9_nt_a60_b0.9,5,95,0.006104399980604649,99.9,1.4932129583358764,73.0125
