DATA,MODEL,OPTIM,EXECUTION,EPOCH,TRAIN LOSS,TRAIN ACC1,VALID LOSS,VALID ACC1
agnews,rcnn,adam_l0.00005_e20_w0_af_bf0.9_bs0.99,1,20,0.23314748549087913,92.46583333333334,0.2760743671203384,90.53947368421052
