DATA,MODEL,OPTIM,EXECUTION,EPOCH,TRAIN LOSS,TRAIN ACC1,VALID LOSS,VALID ACC1
agnews,rcnn,cos_l0.05_e20_w0_m0.9_nt,1,19,0.21435960580111368,93.45333333333333,0.28992506150171854,91.5657894736842
