DATA,MODEL,OPTIM,EXECUTION,EPOCH,TRAIN LOSS,TRAIN ACC1,VALID LOSS,VALID ACC1
stl10,resnet34,sigz_l0.1_e100_w0.0001_m0.9_nt_a35_b0.5,1,86,0.011545867809653282,99.72,1.504820941925049,72.78750000000001
