DATA,MODEL,OPTIM,EXECUTION,EPOCH,TRAIN LOSS,TRAIN ACC1,VALID LOSS,VALID ACC1
cifar10,resnet34,rmsprop_l0.01_e100_w0_m0.9_cf_a0.99,1,84,0.13412760931253434,95.966,0.4209829823970795,90.36999999999999
cifar10,resnet34,rmsprop_l0.01_e100_w0_m0.9_cf_a0.99,2,83,0.12587738098025322,96.03,0.5334099623203278,90.25
