DATA,MODEL,OPTIM,EXECUTION,EPOCH,TRAIN LOSS,TRAIN ACC1,VALID LOSS,VALID ACC1
agnews,rcnn,adam_l0.001_e20_w0.0001_af_bf0.9_bs0.99,1,19,0.21464098059363748,93.43333333333334,0.2859686863112128,90.80263157894737
