DATA,MODEL,OPTIM,EXECUTION,EPOCH,TRAIN LOSS,TRAIN ACC1,VALID LOSS,VALID ACC1
stl10,resnet34,taso_l0.1_e100_w0.0001_m0.9_nf_a65_b0.6,1,96,0.017774747693538664,99.53999999999999,1.3770207786560058,73.15
