DATA,MODEL,OPTIM,EXECUTION,EPOCH,TRAIN LOSS,TRAIN ACC1,VALID LOSS,VALID ACC1
cifar10,resnet50,sigw_l0.1_e100_w0.0001_m0.9_nf_a25_b0.7,1,93,0.003858340952238068,99.91799999999999,0.2006789687216282,95.19
cifar10,resnet50,sigw_l0.1_e100_w0.0001_m0.9_nf_a25_b0.7,2,92,0.0035089582736510783,99.942,0.2026566488236189,95.22
cifar10,resnet50,sigw_l0.1_e100_w0.0001_m0.9_nf_a25_b0.7,3,89,0.003302162554115057,99.936,0.22286488450095057,95.15
cifar10,resnet50,sigw_l0.1_e100_w0.0001_m0.9_nf_a25_b0.7,4,88,0.0038566969896946103,99.91,0.2132341359630227,95.16
cifar10,resnet50,sigw_l0.1_e100_w0.0001_m0.9_nf_a25_b0.7,5,91,0.003323626240217127,99.926,0.2125834286391735,95.19999999999999
