DATA,MODEL,OPTIM,EXECUTION,EPOCH,TRAIN LOSS,TRAIN ACC1,VALID LOSS,VALID ACC1
cifar10,resnet50,htd_l0.1_e100_w0.0001_m0.9_nt_l-6_u3,1,99,0.0025701661529857664,99.952,0.20674857495948673,95.32000000000001
