DATA,MODEL,OPTIM,EXECUTION,EPOCH,TRAIN LOSS,TRAIN ACC1,VALID LOSS,VALID ACC1
stl10,resnet34,sigk_l0.1_e100_w0.0001_m0.9_nf_a40_b0.8,1,95,0.005525112269818783,100.0,1.3976769800186157,74.75
stl10,resnet34,sigk_l0.1_e100_w0.0001_m0.9_nf_a40_b0.8,2,94,0.004835269214957952,99.96000000000001,1.4968853306770324,73.6
stl10,resnet34,sigk_l0.1_e100_w0.0001_m0.9_nf_a40_b0.8,3,93,0.006251682058721781,99.94,1.4757851572036744,73.5625
stl10,resnet34,sigk_l0.1_e100_w0.0001_m0.9_nf_a40_b0.8,4,94,0.0070236598432064055,99.9,1.421748450279236,73.7
stl10,resnet34,sigk_l0.1_e100_w0.0001_m0.9_nf_a40_b0.8,5,92,0.007522347060590982,99.86,1.489409574508667,73.075
