DATA,MODEL,OPTIM,EXECUTION,EPOCH,TRAIN LOSS,TRAIN ACC1,VALID LOSS,VALID ACC1
stl10,resnet34,sigz_l0.1_e100_w0.0001_m0.9_nf_a70_b0.9,1,96,0.007744141729921102,99.83999999999999,1.3614980235099792,74.675
