DATA,MODEL,OPTIM,EXECUTION,EPOCH,TRAIN LOSS,TRAIN ACC1,VALID LOSS,VALID ACC1
yelprf,rcnn,htd_l0.05_e20_w0_m0.9_nt_l-6_u3,1,19,0.7970980289161071,64.71753846153845,0.8202166058661751,63.93
yelprf,rcnn,htd_l0.05_e20_w0_m0.9_nt_l-6_u3,2,20,0.7670615606373619,66.08107692307692,0.7982921937683832,64.586
yelprf,rcnn,htd_l0.05_e20_w0_m0.9_nt_l-6_u3,3,20,0.7831067787998898,65.45938461538461,0.7990871477120907,64.254
yelprf,rcnn,htd_l0.05_e20_w0_m0.9_nt_l-6_u3,4,19,0.7711791121727484,65.87292307692307,0.7990831561537348,64.534
yelprf,rcnn,htd_l0.05_e20_w0_m0.9_nt_l-6_u3,5,19,0.7775244137079631,65.45692307692308,0.8098789904117134,64.082
